INSERT INTO `base_user` VALUES ('8a85dfa084cd5b200184cd5bb83a0000','pasien1@gmail.com','$2a$10$e9VD5C2PjfazH82/YESSJOX6jbsXMps80rX0.vmLSZ93iwbz2U1fe','PATIENT','pasien1'),('8a85dfa084cd5b200184cd5bb83f0001','pasien2@gmail.com','$2a$10$IknRfdS2k.G/HAuLL5wFBOGrt/mytMcRxWoEjBXpQd9AF/8o6Rd1u','PATIENT','pasien2'),('8a85dfa084cd5b200184cd5bb83f0002','pasien3@gmail.com','$2a$10$qC6HX6vc6KjK9Owz8MzB4O7E99cVhtvXXauI7zWpQsIX307ZvNaOW','PATIENT','pasien3'),('8a85dfa084cd5b200184cd5bb83f0003','pasien4@gmail.com','$2a$10$LfTEbCrXBQpIvG/oiZjYkuC0gZ6KC1vDJ6jWbMEWFbYi99q5bdAq.','PATIENT','pasien4'),('8a85dfa084cd5b200184cd5bb83f0004','pasien5@gmail.com','$2a$10$vPup3gWKtS0N4DetlAifFOxb5S1ePv15A0nsnacFgkyJEuNh2Orhq','PATIENT','pasien5'),('8a85dfa084cd5b200184cd5bb83f0005','pasien6@gmail.com','$2a$10$jp1jYJXE3L1hNg097iBIxOGEbHILBHdJr4xNsw/XfcEP9IADzdp62','PATIENT','pasien6'),('8a85dfa084cd5b200184cd5bb83f0006','pasien7@gmail.com','$2a$10$PSjZb1UFJvj1ENyAhIERVe8aidm77ZaNUfHksDTw/VVtyqZ0NbhG2','PATIENT','pasien7'),('8a85dfa084cd5b200184cd5bb83f0007','pasien8@gmail.com','$2a$10$y64HwM9zcs2YjYyJ3PKTCupG.2r4.kqbnOngs7qaQ//OmCaCL4t5.','PATIENT','pasien8'),('8a85dfa084cd5b200184cd5bb8400008','pasien9@gmail.com','$2a$10$nsf18xkUbukZJLQERJXuhOFm4h2E/iYJ4ZDn7x5GDkANgbnUnCEGC','PATIENT','pasien9'),('8a85dfa084cd5b200184cd5bb8400009','pasien10@gmail.com','$2a$10$8Xvt0BeZvMXkN1O3PLR6wOB9Vk3P8II59uDGcf.18h2HCCao6KW7m','PATIENT','pasien10'),('8a85dfa084cd5b200184cd5be1b4000a','dokter1@gmail.com','$2a$10$hBzsiCaIeR/4cnHu3ebPH.Eg7QISLa0/wvSr84nZDsyr.SJleNoJm','DOCTOR','dokter1'),('8a85dfa084cd5b200184cd5be1b4000b','dokter2@gmail.com','$2a$10$.6xq/kJn.yZ2/E1s.qK1cO9gcR38hSoY4Ed8JF87XYNKXC/wiefoa','DOCTOR','dokter2'),('8a85dfa084cd5b200184cd5be1b4000c','dokter3@gmail.com','$2a$10$wT6GP3GP8HWy9Ni2GWBC0ONGZZnHii0aFSLQHHe7XwDbY6quC18Ay','DOCTOR','dokter3'),('8a85dfa084cd5b200184cd5be1b4000d','dokter4@gmail.com','$2a$10$Ffd0RzXMbCM4XUARm2jXdOAjQrt9qaNTnfvLbPZnG5V37OVpx98/O','DOCTOR','dokter4'),('8a85dfa084cd5b200184cd5be1b4000e','dokter5@gmail.com','$2a$10$gVhG9jIgBnAbmkXxB0s8OO8PQLdey2BysMd3jrDY/A6O42gDJ9Muu','DOCTOR','dokter5'),('8a85dfa084cd5b200184cd5be1b4000f','dokter6@gmail.com','$2a$10$/FeDuKEvarNMU174uKzbcOzr2ygW6owrwca6tzbmUcC5PDIix2QL.','DOCTOR','dokter6'),('8a85dfa084cd5b200184cd5be1b40010','dokter7@gmail.com','$2a$10$d3hbEWabvW8YvQB1.Bk6AeT7PP2/bIusjGrkyJuArmfvJZ/W4ZF/6','DOCTOR','dokter7'),('8a85dfa084cd5b200184cd5be1b40011','dokter8@gmail.com','$2a$10$MyjeTvnFtvPi0jByjjeFxe/2OmQ552cZyRKcoHnNbvt.hT175bpFe','DOCTOR','dokter8'),('8a85dfa084cd5b200184cd5be1b50012','dokter9@gmail.com','$2a$10$ydvYjT.eqWz9S57LDFAV1.UD4zExNZRd.sBSM0Mi8jm.mG/J1dlB2','DOCTOR','dokter9'),('8a85dfa084cd5b200184cd5be1b50013','dokter10@gmail.com','$2a$10$coNvWpuTAYYVsd0evXJXTuqVVNmIONYdmv5qLXUILcJZ0Bm6WWg1K','DOCTOR','dokter10');


INSERT INTO `doctor` VALUES (1000,'Dokter 1','8a85dfa084cd5b200184cd5be1b4000a'),(2000,'Dokter 2','8a85dfa084cd5b200184cd5be1b4000b'),(3000,'Dokter 3','8a85dfa084cd5b200184cd5be1b4000c'),(4000,'Dokter 4','8a85dfa084cd5b200184cd5be1b4000d'),(5000,'Dokter 5','8a85dfa084cd5b200184cd5be1b4000e'),(6000,'Dokter 6','8a85dfa084cd5b200184cd5be1b4000f'),(7000,'Dokter 7','8a85dfa084cd5b200184cd5be1b40010'),(8000,'Dokter 8','8a85dfa084cd5b200184cd5be1b40011'),(9000,'Dokter 9','8a85dfa084cd5b200184cd5be1b50012'),(10000,'Dokter 10','8a85dfa084cd5b200184cd5be1b50013');


INSERT INTO `patient` VALUES (10,0,'Pasien 1','8a85dfa084cd5b200184cd5bb83a0000'),(10,0,'Pasien 2','8a85dfa084cd5b200184cd5bb83f0001'),(10,0,'Pasien 3','8a85dfa084cd5b200184cd5bb83f0002'),(10,0,'Pasien 4','8a85dfa084cd5b200184cd5bb83f0003'),(10,0,'Pasien 5','8a85dfa084cd5b200184cd5bb83f0004'),(10,0,'Pasien 6','8a85dfa084cd5b200184cd5bb83f0005'),(10,0,'Pasien 7','8a85dfa084cd5b200184cd5bb83f0006'),(10,0,'Pasien 8','8a85dfa084cd5b200184cd5bb83f0007'),(10,0,'Pasien 9','8a85dfa084cd5b200184cd5bb8400008'),(10,0,'Pasien 10','8a85dfa084cd5b200184cd5bb8400009');

INSERT INTO `appointment` VALUES ('APT-1-01',_binary '','2022-01-04 12:00:00','8a85dfa084cd5b200184cd5be1b4000a',NULL,'8a85dfa084cd5b200184cd5bb83a0000',NULL),('APT-1-02',_binary '','2022-02-16 12:00:00','8a85dfa084cd5b200184cd5be1b4000a',NULL,'8a85dfa084cd5b200184cd5bb83a0000',NULL),('APT-1-03',_binary '','2022-03-22 12:00:00','8a85dfa084cd5b200184cd5be1b4000a',NULL,'8a85dfa084cd5b200184cd5bb83a0000',NULL),('APT-1-04',_binary '','2022-04-10 12:00:00','8a85dfa084cd5b200184cd5be1b4000a',NULL,'8a85dfa084cd5b200184cd5bb83a0000',NULL),('APT-1-05',_binary '','2022-05-16 12:00:00','8a85dfa084cd5b200184cd5be1b4000a',NULL,'8a85dfa084cd5b200184cd5bb83a0000',NULL),('APT-1-06',_binary '','2022-06-18 12:00:00','8a85dfa084cd5b200184cd5be1b4000a',NULL,'8a85dfa084cd5b200184cd5bb83a0000',NULL),('APT-1-07',_binary '','2022-07-25 12:00:00','8a85dfa084cd5b200184cd5be1b4000a',NULL,'8a85dfa084cd5b200184cd5bb83a0000',NULL),('APT-1-08',_binary '','2022-08-21 12:00:00','8a85dfa084cd5b200184cd5be1b4000a',NULL,'8a85dfa084cd5b200184cd5bb83a0000',NULL),('APT-1-09',_binary '','2022-09-06 12:00:00','8a85dfa084cd5b200184cd5be1b4000a',NULL,'8a85dfa084cd5b200184cd5bb83a0000',NULL),('APT-1-10',_binary '','2022-10-17 12:00:00','8a85dfa084cd5b200184cd5be1b4000a',NULL,'8a85dfa084cd5b200184cd5bb83a0000',NULL),('APT-1-11',_binary '','2022-11-03 12:00:00','8a85dfa084cd5b200184cd5be1b4000a',NULL,'8a85dfa084cd5b200184cd5bb83a0000',NULL),('APT-1-12',_binary '','2022-12-13 12:00:00','8a85dfa084cd5b200184cd5be1b4000a',NULL,'8a85dfa084cd5b200184cd5bb83a0000',NULL),('APT-1-13',_binary '','2021-01-24 12:00:00','8a85dfa084cd5b200184cd5be1b4000a',NULL,'8a85dfa084cd5b200184cd5bb83a0000',NULL),('APT-1-14',_binary '','2021-02-02 12:00:00','8a85dfa084cd5b200184cd5be1b4000a',NULL,'8a85dfa084cd5b200184cd5bb83a0000',NULL),('APT-1-15',_binary '','2021-03-09 12:00:00','8a85dfa084cd5b200184cd5be1b4000a',NULL,'8a85dfa084cd5b200184cd5bb83a0000',NULL),('APT-1-16',_binary '','2021-04-01 12:00:00','8a85dfa084cd5b200184cd5be1b4000a',NULL,'8a85dfa084cd5b200184cd5bb83a0000',NULL),('APT-1-17',_binary '','2021-05-23 12:00:00','8a85dfa084cd5b200184cd5be1b4000a',NULL,'8a85dfa084cd5b200184cd5bb83a0000',NULL),('APT-1-18',_binary '','2021-06-19 12:00:00','8a85dfa084cd5b200184cd5be1b4000a',NULL,'8a85dfa084cd5b200184cd5bb83a0000',NULL),('APT-1-19',_binary '','2021-07-26 12:00:00','8a85dfa084cd5b200184cd5be1b4000a',NULL,'8a85dfa084cd5b200184cd5bb83a0000',NULL),('APT-1-20',_binary '','2021-08-25 12:00:00','8a85dfa084cd5b200184cd5be1b4000a',NULL,'8a85dfa084cd5b200184cd5bb83a0000',NULL),('APT-1-21',_binary '','2021-09-07 12:00:00','8a85dfa084cd5b200184cd5be1b4000a',NULL,'8a85dfa084cd5b200184cd5bb83a0000',NULL),('APT-1-22',_binary '','2021-10-27 12:00:00','8a85dfa084cd5b200184cd5be1b4000a',NULL,'8a85dfa084cd5b200184cd5bb83a0000',NULL),('APT-1-23',_binary '','2021-11-03 12:00:00','8a85dfa084cd5b200184cd5be1b4000a',NULL,'8a85dfa084cd5b200184cd5bb83a0000',NULL),('APT-1-24',_binary '','2021-12-08 12:00:00','8a85dfa084cd5b200184cd5be1b4000a',NULL,'8a85dfa084cd5b200184cd5bb83a0000',NULL),('APT-1-25',_binary '','2021-02-04 12:00:00','8a85dfa084cd5b200184cd5be1b4000b',NULL,'8a85dfa084cd5b200184cd5bb83a0000',NULL),('APT-1-26',_binary '','2021-05-12 12:00:00','8a85dfa084cd5b200184cd5be1b4000d',NULL,'8a85dfa084cd5b200184cd5bb83a0000',NULL),('APT-1-27',_binary '','2021-10-04 12:00:00','8a85dfa084cd5b200184cd5be1b4000c',NULL,'8a85dfa084cd5b200184cd5bb83a0000',NULL),('APT-1-28',_binary '','2021-10-06 12:00:00','8a85dfa084cd5b200184cd5be1b4000d',NULL,'8a85dfa084cd5b200184cd5bb83a0000',NULL),('APT-1-29',_binary '','2021-10-02 12:00:00','8a85dfa084cd5b200184cd5be1b4000a',NULL,'8a85dfa084cd5b200184cd5bb83a0000',NULL),('APT-1-30',_binary '','2021-01-10 12:00:00','8a85dfa084cd5b200184cd5be1b4000c',NULL,'8a85dfa084cd5b200184cd5bb83a0000',NULL),('APT-1-31',_binary '','2021-05-02 12:00:00','8a85dfa084cd5b200184cd5be1b4000d',NULL,'8a85dfa084cd5b200184cd5bb83a0000',NULL),('APT-1-32',_binary '','2021-07-03 12:00:00','8a85dfa084cd5b200184cd5be1b4000b',NULL,'8a85dfa084cd5b200184cd5bb83a0000',NULL),('APT-1-33',_binary '','2021-06-02 12:00:00','8a85dfa084cd5b200184cd5be1b4000c',NULL,'8a85dfa084cd5b200184cd5bb83a0000',NULL),('APT-1-34',_binary '','2021-11-09 12:00:00','8a85dfa084cd5b200184cd5be1b4000e',NULL,'8a85dfa084cd5b200184cd5bb83a0000',NULL),('APT-1-35',_binary '','2021-10-06 12:00:00','8a85dfa084cd5b200184cd5be1b4000b',NULL,'8a85dfa084cd5b200184cd5bb83a0000',NULL),('APT-1-36',_binary '','2021-12-10 12:00:00','8a85dfa084cd5b200184cd5be1b4000a',NULL,'8a85dfa084cd5b200184cd5bb83a0000',NULL),('APT-1-37',_binary '','2021-08-01 12:00:00','8a85dfa084cd5b200184cd5be1b4000c',NULL,'8a85dfa084cd5b200184cd5bb83a0000',NULL),('APT-1-38',_binary '','2021-08-09 12:00:00','8a85dfa084cd5b200184cd5be1b4000c',NULL,'8a85dfa084cd5b200184cd5bb83a0000',NULL),('APT-1-39',_binary '','2021-01-12 12:00:00','8a85dfa084cd5b200184cd5be1b4000c',NULL,'8a85dfa084cd5b200184cd5bb83a0000',NULL),('APT-1-40',_binary '','2021-06-11 12:00:00','8a85dfa084cd5b200184cd5be1b4000c',NULL,'8a85dfa084cd5b200184cd5bb83a0000',NULL),('APT-1-41',_binary '','2021-12-03 12:00:00','8a85dfa084cd5b200184cd5be1b4000b',NULL,'8a85dfa084cd5b200184cd5bb83a0000',NULL),('APT-1-42',_binary '','2021-02-10 12:00:00','8a85dfa084cd5b200184cd5be1b4000e',NULL,'8a85dfa084cd5b200184cd5bb83a0000',NULL),('APT-1-43',_binary '','2021-03-04 12:00:00','8a85dfa084cd5b200184cd5be1b4000a',NULL,'8a85dfa084cd5b200184cd5bb83a0000',NULL),('APT-1-44',_binary '','2021-01-11 12:00:00','8a85dfa084cd5b200184cd5be1b4000c',NULL,'8a85dfa084cd5b200184cd5bb83a0000',NULL),('APT-1-45',_binary '','2021-06-09 12:00:00','8a85dfa084cd5b200184cd5be1b4000b',NULL,'8a85dfa084cd5b200184cd5bb83a0000',NULL),('APT-1-46',_binary '','2021-04-03 12:00:00','8a85dfa084cd5b200184cd5be1b4000d',NULL,'8a85dfa084cd5b200184cd5bb83a0000',NULL),('APT-1-47',_binary '','2021-12-02 12:00:00','8a85dfa084cd5b200184cd5be1b4000d',NULL,'8a85dfa084cd5b200184cd5bb83a0000',NULL),('APT-1-48',_binary '','2021-04-12 12:00:00','8a85dfa084cd5b200184cd5be1b4000b',NULL,'8a85dfa084cd5b200184cd5bb83a0000',NULL),('APT-1-49',_binary '','2022-10-03 12:00:00','8a85dfa084cd5b200184cd5be1b4000e',NULL,'8a85dfa084cd5b200184cd5bb83a0000',NULL),('APT-1-50',_binary '','2022-11-07 12:00:00','8a85dfa084cd5b200184cd5be1b4000c',NULL,'8a85dfa084cd5b200184cd5bb83a0000',NULL),('APT-1-51',_binary '','2022-06-10 12:00:00','8a85dfa084cd5b200184cd5be1b4000e',NULL,'8a85dfa084cd5b200184cd5bb83a0000',NULL),('APT-1-52',_binary '','2022-05-02 12:00:00','8a85dfa084cd5b200184cd5be1b4000d',NULL,'8a85dfa084cd5b200184cd5bb83a0000',NULL),('APT-1-53',_binary '','2022-12-12 12:00:00','8a85dfa084cd5b200184cd5be1b4000e',NULL,'8a85dfa084cd5b200184cd5bb83a0000',NULL),('APT-1-54',_binary '','2022-05-10 12:00:00','8a85dfa084cd5b200184cd5be1b4000c',NULL,'8a85dfa084cd5b200184cd5bb83a0000',NULL),('APT-1-55',_binary '','2022-07-09 12:00:00','8a85dfa084cd5b200184cd5be1b4000a',NULL,'8a85dfa084cd5b200184cd5bb83a0000',NULL),('APT-1-56',_binary '','2022-12-07 12:00:00','8a85dfa084cd5b200184cd5be1b4000c',NULL,'8a85dfa084cd5b200184cd5bb83a0000',NULL),('APT-1-57',_binary '','2022-02-10 12:00:00','8a85dfa084cd5b200184cd5be1b4000c',NULL,'8a85dfa084cd5b200184cd5bb83a0000',NULL),('APT-1-58',_binary '','2022-04-12 12:00:00','8a85dfa084cd5b200184cd5be1b4000d',NULL,'8a85dfa084cd5b200184cd5bb83a0000',NULL),('APT-1-59',_binary '','2022-09-01 12:00:00','8a85dfa084cd5b200184cd5be1b4000b',NULL,'8a85dfa084cd5b200184cd5bb83a0000',NULL),('APT-1-60',_binary '','2022-06-03 12:00:00','8a85dfa084cd5b200184cd5be1b4000c',NULL,'8a85dfa084cd5b200184cd5bb83a0000',NULL),('APT-1-61',_binary '','2022-02-12 12:00:00','8a85dfa084cd5b200184cd5be1b4000b',NULL,'8a85dfa084cd5b200184cd5bb83a0000',NULL),('APT-1-62',_binary '','2022-02-02 12:00:00','8a85dfa084cd5b200184cd5be1b4000c',NULL,'8a85dfa084cd5b200184cd5bb83a0000',NULL),('APT-1-63',_binary '','2022-11-01 12:00:00','8a85dfa084cd5b200184cd5be1b4000b',NULL,'8a85dfa084cd5b200184cd5bb83a0000',NULL),('APT-1-64',_binary '','2022-11-09 12:00:00','8a85dfa084cd5b200184cd5be1b4000e',NULL,'8a85dfa084cd5b200184cd5bb83a0000',NULL),('APT-1-65',_binary '','2022-03-05 12:00:00','8a85dfa084cd5b200184cd5be1b4000b',NULL,'8a85dfa084cd5b200184cd5bb83a0000',NULL),('APT-1-66',_binary '','2022-03-11 12:00:00','8a85dfa084cd5b200184cd5be1b4000c',NULL,'8a85dfa084cd5b200184cd5bb83a0000',NULL),('APT-1-67',_binary '','2022-02-08 12:00:00','8a85dfa084cd5b200184cd5be1b4000e',NULL,'8a85dfa084cd5b200184cd5bb83a0000',NULL),('APT-1-68',_binary '','2022-02-04 12:00:00','8a85dfa084cd5b200184cd5be1b4000b',NULL,'8a85dfa084cd5b200184cd5bb83a0000',NULL),('APT-1-69',_binary '','2022-11-06 12:00:00','8a85dfa084cd5b200184cd5be1b4000e',NULL,'8a85dfa084cd5b200184cd5bb83a0000',NULL),('APT-1-70',_binary '','2022-12-09 12:00:00','8a85dfa084cd5b200184cd5be1b4000a',NULL,'8a85dfa084cd5b200184cd5bb83a0000',NULL),('APT-1-71',_binary '','2022-11-01 12:00:00','8a85dfa084cd5b200184cd5be1b4000d',NULL,'8a85dfa084cd5b200184cd5bb83a0000',NULL),('APT-1-72',_binary '','2022-06-06 12:00:00','8a85dfa084cd5b200184cd5be1b4000b',NULL,'8a85dfa084cd5b200184cd5bb83a0000',NULL),('APT-10-01',_binary '','2022-01-18 12:00:00','8a85dfa084cd5b200184cd5be1b4000e',NULL,'8a85dfa084cd5b200184cd5bb8400009',NULL),('APT-10-02',_binary '','2022-02-01 12:00:00','8a85dfa084cd5b200184cd5be1b4000e',NULL,'8a85dfa084cd5b200184cd5bb8400009',NULL),('APT-10-03',_binary '','2022-03-10 12:00:00','8a85dfa084cd5b200184cd5be1b4000e',NULL,'8a85dfa084cd5b200184cd5bb8400009',NULL),('APT-10-04',_binary '','2022-04-25 12:00:00','8a85dfa084cd5b200184cd5be1b4000e',NULL,'8a85dfa084cd5b200184cd5bb8400009',NULL),('APT-10-05',_binary '','2022-05-12 12:00:00','8a85dfa084cd5b200184cd5be1b4000e',NULL,'8a85dfa084cd5b200184cd5bb8400009',NULL),('APT-10-06',_binary '','2022-06-08 12:00:00','8a85dfa084cd5b200184cd5be1b4000e',NULL,'8a85dfa084cd5b200184cd5bb8400009',NULL),('APT-10-07',_binary '','2022-07-24 12:00:00','8a85dfa084cd5b200184cd5be1b4000e',NULL,'8a85dfa084cd5b200184cd5bb8400009',NULL),('APT-10-08',_binary '','2022-08-04 12:00:00','8a85dfa084cd5b200184cd5be1b4000e',NULL,'8a85dfa084cd5b200184cd5bb8400009',NULL),('APT-10-09',_binary '','2022-09-03 12:00:00','8a85dfa084cd5b200184cd5be1b4000e',NULL,'8a85dfa084cd5b200184cd5bb8400009',NULL),('APT-10-10',_binary '','2022-10-25 12:00:00','8a85dfa084cd5b200184cd5be1b4000e',NULL,'8a85dfa084cd5b200184cd5bb8400009',NULL),('APT-10-11',_binary '','2022-11-26 12:00:00','8a85dfa084cd5b200184cd5be1b4000e',NULL,'8a85dfa084cd5b200184cd5bb8400009',NULL),('APT-10-12',_binary '','2022-12-04 12:00:00','8a85dfa084cd5b200184cd5be1b4000e',NULL,'8a85dfa084cd5b200184cd5bb8400009',NULL),('APT-10-13',_binary '','2021-01-16 12:00:00','8a85dfa084cd5b200184cd5be1b4000e',NULL,'8a85dfa084cd5b200184cd5bb8400009',NULL),('APT-10-14',_binary '','2021-02-27 12:00:00','8a85dfa084cd5b200184cd5be1b4000e',NULL,'8a85dfa084cd5b200184cd5bb8400009',NULL),('APT-10-15',_binary '','2021-03-04 12:00:00','8a85dfa084cd5b200184cd5be1b4000e',NULL,'8a85dfa084cd5b200184cd5bb8400009',NULL),('APT-10-16',_binary '','2021-04-17 12:00:00','8a85dfa084cd5b200184cd5be1b4000e',NULL,'8a85dfa084cd5b200184cd5bb8400009',NULL),('APT-10-17',_binary '','2021-05-23 12:00:00','8a85dfa084cd5b200184cd5be1b4000e',NULL,'8a85dfa084cd5b200184cd5bb8400009',NULL),('APT-10-18',_binary '','2021-06-19 12:00:00','8a85dfa084cd5b200184cd5be1b4000e',NULL,'8a85dfa084cd5b200184cd5bb8400009',NULL),('APT-10-19',_binary '','2021-07-06 12:00:00','8a85dfa084cd5b200184cd5be1b4000e',NULL,'8a85dfa084cd5b200184cd5bb8400009',NULL),('APT-10-20',_binary '','2021-08-06 12:00:00','8a85dfa084cd5b200184cd5be1b4000e',NULL,'8a85dfa084cd5b200184cd5bb8400009',NULL),('APT-10-21',_binary '','2021-09-19 12:00:00','8a85dfa084cd5b200184cd5be1b4000e',NULL,'8a85dfa084cd5b200184cd5bb8400009',NULL),('APT-10-22',_binary '','2021-10-10 12:00:00','8a85dfa084cd5b200184cd5be1b4000e',NULL,'8a85dfa084cd5b200184cd5bb8400009',NULL),('APT-10-23',_binary '','2021-11-11 12:00:00','8a85dfa084cd5b200184cd5be1b4000e',NULL,'8a85dfa084cd5b200184cd5bb8400009',NULL),('APT-10-24',_binary '','2021-12-23 12:00:00','8a85dfa084cd5b200184cd5be1b4000e',NULL,'8a85dfa084cd5b200184cd5bb8400009',NULL),('APT-10-25',_binary '','2021-08-04 12:00:00','8a85dfa084cd5b200184cd5be1b4000d',NULL,'8a85dfa084cd5b200184cd5bb8400009',NULL),('APT-10-26',_binary '','2021-04-10 12:00:00','8a85dfa084cd5b200184cd5be1b4000b',NULL,'8a85dfa084cd5b200184cd5bb8400009',NULL),('APT-10-27',_binary '','2021-02-07 12:00:00','8a85dfa084cd5b200184cd5be1b4000e',NULL,'8a85dfa084cd5b200184cd5bb8400009',NULL),('APT-10-28',_binary '','2021-04-03 12:00:00','8a85dfa084cd5b200184cd5be1b4000e',NULL,'8a85dfa084cd5b200184cd5bb8400009',NULL),('APT-10-29',_binary '','2021-06-05 12:00:00','8a85dfa084cd5b200184cd5be1b4000e',NULL,'8a85dfa084cd5b200184cd5bb8400009',NULL),('APT-10-30',_binary '','2021-09-07 12:00:00','8a85dfa084cd5b200184cd5be1b4000b',NULL,'8a85dfa084cd5b200184cd5bb8400009',NULL),('APT-10-31',_binary '','2021-08-01 12:00:00','8a85dfa084cd5b200184cd5be1b4000d',NULL,'8a85dfa084cd5b200184cd5bb8400009',NULL),('APT-10-32',_binary '','2021-06-07 12:00:00','8a85dfa084cd5b200184cd5be1b4000e',NULL,'8a85dfa084cd5b200184cd5bb8400009',NULL),('APT-10-33',_binary '','2021-06-12 12:00:00','8a85dfa084cd5b200184cd5be1b4000c',NULL,'8a85dfa084cd5b200184cd5bb8400009',NULL),('APT-10-34',_binary '','2021-11-11 12:00:00','8a85dfa084cd5b200184cd5be1b4000a',NULL,'8a85dfa084cd5b200184cd5bb8400009',NULL),('APT-10-35',_binary '','2021-03-06 12:00:00','8a85dfa084cd5b200184cd5be1b4000d',NULL,'8a85dfa084cd5b200184cd5bb8400009',NULL),('APT-10-36',_binary '','2021-03-04 12:00:00','8a85dfa084cd5b200184cd5be1b4000e',NULL,'8a85dfa084cd5b200184cd5bb8400009',NULL),('APT-10-37',_binary '','2021-10-03 12:00:00','8a85dfa084cd5b200184cd5be1b4000e',NULL,'8a85dfa084cd5b200184cd5bb8400009',NULL),('APT-10-38',_binary '','2021-08-05 12:00:00','8a85dfa084cd5b200184cd5be1b4000a',NULL,'8a85dfa084cd5b200184cd5bb8400009',NULL),('APT-10-39',_binary '','2021-06-08 12:00:00','8a85dfa084cd5b200184cd5be1b4000e',NULL,'8a85dfa084cd5b200184cd5bb8400009',NULL),('APT-10-40',_binary '','2021-05-08 12:00:00','8a85dfa084cd5b200184cd5be1b4000a',NULL,'8a85dfa084cd5b200184cd5bb8400009',NULL),('APT-10-41',_binary '','2021-01-08 12:00:00','8a85dfa084cd5b200184cd5be1b4000c',NULL,'8a85dfa084cd5b200184cd5bb8400009',NULL),('APT-10-42',_binary '','2021-09-04 12:00:00','8a85dfa084cd5b200184cd5be1b4000e',NULL,'8a85dfa084cd5b200184cd5bb8400009',NULL),('APT-10-43',_binary '','2021-05-09 12:00:00','8a85dfa084cd5b200184cd5be1b4000c',NULL,'8a85dfa084cd5b200184cd5bb8400009',NULL),('APT-10-44',_binary '','2021-10-09 12:00:00','8a85dfa084cd5b200184cd5be1b4000c',NULL,'8a85dfa084cd5b200184cd5bb8400009',NULL),('APT-10-45',_binary '','2021-04-10 12:00:00','8a85dfa084cd5b200184cd5be1b4000e',NULL,'8a85dfa084cd5b200184cd5bb8400009',NULL),('APT-10-46',_binary '','2021-12-03 12:00:00','8a85dfa084cd5b200184cd5be1b4000b',NULL,'8a85dfa084cd5b200184cd5bb8400009',NULL),('APT-10-47',_binary '','2021-07-07 12:00:00','8a85dfa084cd5b200184cd5be1b4000a',NULL,'8a85dfa084cd5b200184cd5bb8400009',NULL),('APT-10-48',_binary '','2021-10-12 12:00:00','8a85dfa084cd5b200184cd5be1b4000b',NULL,'8a85dfa084cd5b200184cd5bb8400009',NULL),('APT-10-49',_binary '','2022-07-11 12:00:00','8a85dfa084cd5b200184cd5be1b4000d',NULL,'8a85dfa084cd5b200184cd5bb8400009',NULL),('APT-10-50',_binary '','2022-12-06 12:00:00','8a85dfa084cd5b200184cd5be1b4000b',NULL,'8a85dfa084cd5b200184cd5bb8400009',NULL),('APT-10-51',_binary '','2022-03-11 12:00:00','8a85dfa084cd5b200184cd5be1b4000d',NULL,'8a85dfa084cd5b200184cd5bb8400009',NULL),('APT-10-52',_binary '','2022-02-03 12:00:00','8a85dfa084cd5b200184cd5be1b4000e',NULL,'8a85dfa084cd5b200184cd5bb8400009',NULL),('APT-10-53',_binary '','2022-07-11 12:00:00','8a85dfa084cd5b200184cd5be1b4000e',NULL,'8a85dfa084cd5b200184cd5bb8400009',NULL),('APT-10-54',_binary '','2022-07-03 12:00:00','8a85dfa084cd5b200184cd5be1b4000c',NULL,'8a85dfa084cd5b200184cd5bb8400009',NULL),('APT-10-55',_binary '','2022-01-08 12:00:00','8a85dfa084cd5b200184cd5be1b4000c',NULL,'8a85dfa084cd5b200184cd5bb8400009',NULL),('APT-10-56',_binary '','2022-07-08 12:00:00','8a85dfa084cd5b200184cd5be1b4000d',NULL,'8a85dfa084cd5b200184cd5bb8400009',NULL),('APT-10-57',_binary '','2022-05-04 12:00:00','8a85dfa084cd5b200184cd5be1b4000c',NULL,'8a85dfa084cd5b200184cd5bb8400009',NULL),('APT-10-58',_binary '','2022-07-08 12:00:00','8a85dfa084cd5b200184cd5be1b4000b',NULL,'8a85dfa084cd5b200184cd5bb8400009',NULL),('APT-10-59',_binary '','2022-10-04 12:00:00','8a85dfa084cd5b200184cd5be1b4000a',NULL,'8a85dfa084cd5b200184cd5bb8400009',NULL),('APT-10-60',_binary '','2022-01-01 12:00:00','8a85dfa084cd5b200184cd5be1b4000e',NULL,'8a85dfa084cd5b200184cd5bb8400009',NULL),('APT-10-61',_binary '','2022-03-04 12:00:00','8a85dfa084cd5b200184cd5be1b4000b',NULL,'8a85dfa084cd5b200184cd5bb8400009',NULL),('APT-10-62',_binary '','2022-09-12 12:00:00','8a85dfa084cd5b200184cd5be1b4000a',NULL,'8a85dfa084cd5b200184cd5bb8400009',NULL),('APT-10-63',_binary '','2022-03-04 12:00:00','8a85dfa084cd5b200184cd5be1b4000c',NULL,'8a85dfa084cd5b200184cd5bb8400009',NULL),('APT-10-64',_binary '','2022-12-05 12:00:00','8a85dfa084cd5b200184cd5be1b4000c',NULL,'8a85dfa084cd5b200184cd5bb8400009',NULL),('APT-10-65',_binary '','2022-05-07 12:00:00','8a85dfa084cd5b200184cd5be1b4000e',NULL,'8a85dfa084cd5b200184cd5bb8400009',NULL),('APT-10-66',_binary '','2022-08-09 12:00:00','8a85dfa084cd5b200184cd5be1b4000d',NULL,'8a85dfa084cd5b200184cd5bb8400009',NULL),('APT-10-67',_binary '','2022-09-08 12:00:00','8a85dfa084cd5b200184cd5be1b4000a',NULL,'8a85dfa084cd5b200184cd5bb8400009',NULL),('APT-10-68',_binary '','2022-09-05 12:00:00','8a85dfa084cd5b200184cd5be1b4000b',NULL,'8a85dfa084cd5b200184cd5bb8400009',NULL),('APT-10-69',_binary '','2022-10-03 12:00:00','8a85dfa084cd5b200184cd5be1b4000a',NULL,'8a85dfa084cd5b200184cd5bb8400009',NULL),('APT-10-70',_binary '','2022-08-07 12:00:00','8a85dfa084cd5b200184cd5be1b4000e',NULL,'8a85dfa084cd5b200184cd5bb8400009',NULL),('APT-10-71',_binary '','2022-09-12 12:00:00','8a85dfa084cd5b200184cd5be1b4000d',NULL,'8a85dfa084cd5b200184cd5bb8400009',NULL),('APT-10-72',_binary '','2022-07-01 12:00:00','8a85dfa084cd5b200184cd5be1b4000e',NULL,'8a85dfa084cd5b200184cd5bb8400009',NULL),('APT-2-01',_binary '','2022-01-27 12:00:00','8a85dfa084cd5b200184cd5be1b4000b',NULL,'8a85dfa084cd5b200184cd5bb83f0001',NULL),('APT-2-02',_binary '','2022-02-12 12:00:00','8a85dfa084cd5b200184cd5be1b4000b',NULL,'8a85dfa084cd5b200184cd5bb83f0001',NULL),('APT-2-03',_binary '','2022-03-01 12:00:00','8a85dfa084cd5b200184cd5be1b4000b',NULL,'8a85dfa084cd5b200184cd5bb83f0001',NULL),('APT-2-04',_binary '','2022-04-17 12:00:00','8a85dfa084cd5b200184cd5be1b4000b',NULL,'8a85dfa084cd5b200184cd5bb83f0001',NULL),('APT-2-05',_binary '','2022-05-10 12:00:00','8a85dfa084cd5b200184cd5be1b4000b',NULL,'8a85dfa084cd5b200184cd5bb83f0001',NULL),('APT-2-06',_binary '','2022-06-01 12:00:00','8a85dfa084cd5b200184cd5be1b4000b',NULL,'8a85dfa084cd5b200184cd5bb83f0001',NULL),('APT-2-07',_binary '','2022-07-24 12:00:00','8a85dfa084cd5b200184cd5be1b4000b',NULL,'8a85dfa084cd5b200184cd5bb83f0001',NULL),('APT-2-08',_binary '','2022-08-06 12:00:00','8a85dfa084cd5b200184cd5be1b4000b',NULL,'8a85dfa084cd5b200184cd5bb83f0001',NULL),('APT-2-09',_binary '','2022-09-28 12:00:00','8a85dfa084cd5b200184cd5be1b4000b',NULL,'8a85dfa084cd5b200184cd5bb83f0001',NULL),('APT-2-10',_binary '','2022-10-23 12:00:00','8a85dfa084cd5b200184cd5be1b4000b',NULL,'8a85dfa084cd5b200184cd5bb83f0001',NULL),('APT-2-11',_binary '','2022-11-05 12:00:00','8a85dfa084cd5b200184cd5be1b4000b',NULL,'8a85dfa084cd5b200184cd5bb83f0001',NULL),('APT-2-12',_binary '','2022-12-19 12:00:00','8a85dfa084cd5b200184cd5be1b4000b',NULL,'8a85dfa084cd5b200184cd5bb83f0001',NULL),('APT-2-13',_binary '','2021-01-25 12:00:00','8a85dfa084cd5b200184cd5be1b4000b',NULL,'8a85dfa084cd5b200184cd5bb83f0001',NULL),('APT-2-14',_binary '','2021-02-26 12:00:00','8a85dfa084cd5b200184cd5be1b4000b',NULL,'8a85dfa084cd5b200184cd5bb83f0001',NULL),('APT-2-15',_binary '','2021-03-18 12:00:00','8a85dfa084cd5b200184cd5be1b4000b',NULL,'8a85dfa084cd5b200184cd5bb83f0001',NULL),('APT-2-16',_binary '','2021-04-08 12:00:00','8a85dfa084cd5b200184cd5be1b4000b',NULL,'8a85dfa084cd5b200184cd5bb83f0001',NULL),('APT-2-17',_binary '','2021-05-19 12:00:00','8a85dfa084cd5b200184cd5be1b4000b',NULL,'8a85dfa084cd5b200184cd5bb83f0001',NULL),('APT-2-18',_binary '','2021-06-07 12:00:00','8a85dfa084cd5b200184cd5be1b4000b',NULL,'8a85dfa084cd5b200184cd5bb83f0001',NULL),('APT-2-19',_binary '','2021-07-24 12:00:00','8a85dfa084cd5b200184cd5be1b4000b',NULL,'8a85dfa084cd5b200184cd5bb83f0001',NULL),('APT-2-20',_binary '','2021-08-01 12:00:00','8a85dfa084cd5b200184cd5be1b4000b',NULL,'8a85dfa084cd5b200184cd5bb83f0001',NULL),('APT-2-21',_binary '','2021-09-01 12:00:00','8a85dfa084cd5b200184cd5be1b4000b',NULL,'8a85dfa084cd5b200184cd5bb83f0001',NULL),('APT-2-22',_binary '','2021-10-20 12:00:00','8a85dfa084cd5b200184cd5be1b4000b',NULL,'8a85dfa084cd5b200184cd5bb83f0001',NULL),('APT-2-23',_binary '','2021-11-26 12:00:00','8a85dfa084cd5b200184cd5be1b4000b',NULL,'8a85dfa084cd5b200184cd5bb83f0001',NULL),('APT-2-24',_binary '','2021-12-14 12:00:00','8a85dfa084cd5b200184cd5be1b4000b',NULL,'8a85dfa084cd5b200184cd5bb83f0001',NULL),('APT-2-25',_binary '','2021-11-11 12:00:00','8a85dfa084cd5b200184cd5be1b4000e',NULL,'8a85dfa084cd5b200184cd5bb83f0001',NULL),('APT-2-26',_binary '','2021-07-02 12:00:00','8a85dfa084cd5b200184cd5be1b4000c',NULL,'8a85dfa084cd5b200184cd5bb83f0001',NULL),('APT-2-27',_binary '','2021-01-02 12:00:00','8a85dfa084cd5b200184cd5be1b4000c',NULL,'8a85dfa084cd5b200184cd5bb83f0001',NULL),('APT-2-28',_binary '','2021-11-07 12:00:00','8a85dfa084cd5b200184cd5be1b4000e',NULL,'8a85dfa084cd5b200184cd5bb83f0001',NULL),('APT-2-29',_binary '','2021-12-12 12:00:00','8a85dfa084cd5b200184cd5be1b4000a',NULL,'8a85dfa084cd5b200184cd5bb83f0001',NULL),('APT-2-30',_binary '','2021-05-09 12:00:00','8a85dfa084cd5b200184cd5be1b4000d',NULL,'8a85dfa084cd5b200184cd5bb83f0001',NULL),('APT-2-31',_binary '','2021-03-01 12:00:00','8a85dfa084cd5b200184cd5be1b4000c',NULL,'8a85dfa084cd5b200184cd5bb83f0001',NULL),('APT-2-32',_binary '','2021-10-10 12:00:00','8a85dfa084cd5b200184cd5be1b4000c',NULL,'8a85dfa084cd5b200184cd5bb83f0001',NULL),('APT-2-33',_binary '','2021-11-01 12:00:00','8a85dfa084cd5b200184cd5be1b4000d',NULL,'8a85dfa084cd5b200184cd5bb83f0001',NULL),('APT-2-34',_binary '','2021-02-08 12:00:00','8a85dfa084cd5b200184cd5be1b4000e',NULL,'8a85dfa084cd5b200184cd5bb83f0001',NULL),('APT-2-35',_binary '','2021-03-12 12:00:00','8a85dfa084cd5b200184cd5be1b4000e',NULL,'8a85dfa084cd5b200184cd5bb83f0001',NULL),('APT-2-36',_binary '','2021-05-04 12:00:00','8a85dfa084cd5b200184cd5be1b4000a',NULL,'8a85dfa084cd5b200184cd5bb83f0001',NULL),('APT-2-37',_binary '','2021-12-10 12:00:00','8a85dfa084cd5b200184cd5be1b4000a',NULL,'8a85dfa084cd5b200184cd5bb83f0001',NULL),('APT-2-38',_binary '','2021-10-02 12:00:00','8a85dfa084cd5b200184cd5be1b4000e',NULL,'8a85dfa084cd5b200184cd5bb83f0001',NULL),('APT-2-39',_binary '','2021-05-04 12:00:00','8a85dfa084cd5b200184cd5be1b4000c',NULL,'8a85dfa084cd5b200184cd5bb83f0001',NULL),('APT-2-40',_binary '','2021-07-03 12:00:00','8a85dfa084cd5b200184cd5be1b4000d',NULL,'8a85dfa084cd5b200184cd5bb83f0001',NULL),('APT-2-41',_binary '','2021-12-11 12:00:00','8a85dfa084cd5b200184cd5be1b4000c',NULL,'8a85dfa084cd5b200184cd5bb83f0001',NULL),('APT-2-42',_binary '','2021-03-04 12:00:00','8a85dfa084cd5b200184cd5be1b4000c',NULL,'8a85dfa084cd5b200184cd5bb83f0001',NULL),('APT-2-43',_binary '','2021-12-07 12:00:00','8a85dfa084cd5b200184cd5be1b4000c',NULL,'8a85dfa084cd5b200184cd5bb83f0001',NULL),('APT-2-44',_binary '','2021-10-05 12:00:00','8a85dfa084cd5b200184cd5be1b4000e',NULL,'8a85dfa084cd5b200184cd5bb83f0001',NULL),('APT-2-45',_binary '','2021-09-06 12:00:00','8a85dfa084cd5b200184cd5be1b4000a',NULL,'8a85dfa084cd5b200184cd5bb83f0001',NULL),('APT-2-46',_binary '','2021-12-03 12:00:00','8a85dfa084cd5b200184cd5be1b4000c',NULL,'8a85dfa084cd5b200184cd5bb83f0001',NULL),('APT-2-47',_binary '','2021-04-03 12:00:00','8a85dfa084cd5b200184cd5be1b4000b',NULL,'8a85dfa084cd5b200184cd5bb83f0001',NULL),('APT-2-48',_binary '','2021-09-01 12:00:00','8a85dfa084cd5b200184cd5be1b4000e',NULL,'8a85dfa084cd5b200184cd5bb83f0001',NULL),('APT-2-49',_binary '','2022-12-01 12:00:00','8a85dfa084cd5b200184cd5be1b4000e',NULL,'8a85dfa084cd5b200184cd5bb83f0001',NULL),('APT-2-50',_binary '','2022-09-01 12:00:00','8a85dfa084cd5b200184cd5be1b4000a',NULL,'8a85dfa084cd5b200184cd5bb83f0001',NULL),('APT-2-51',_binary '','2022-03-09 12:00:00','8a85dfa084cd5b200184cd5be1b4000e',NULL,'8a85dfa084cd5b200184cd5bb83f0001',NULL),('APT-2-52',_binary '','2022-08-02 12:00:00','8a85dfa084cd5b200184cd5be1b4000e',NULL,'8a85dfa084cd5b200184cd5bb83f0001',NULL),('APT-2-53',_binary '','2022-06-06 12:00:00','8a85dfa084cd5b200184cd5be1b4000e',NULL,'8a85dfa084cd5b200184cd5bb83f0001',NULL),('APT-2-54',_binary '','2022-05-02 12:00:00','8a85dfa084cd5b200184cd5be1b4000a',NULL,'8a85dfa084cd5b200184cd5bb83f0001',NULL),('APT-2-55',_binary '','2022-05-06 12:00:00','8a85dfa084cd5b200184cd5be1b4000c',NULL,'8a85dfa084cd5b200184cd5bb83f0001',NULL),('APT-2-56',_binary '','2022-01-01 12:00:00','8a85dfa084cd5b200184cd5be1b4000b',NULL,'8a85dfa084cd5b200184cd5bb83f0001',NULL),('APT-2-57',_binary '','2022-01-05 12:00:00','8a85dfa084cd5b200184cd5be1b4000d',NULL,'8a85dfa084cd5b200184cd5bb83f0001',NULL),('APT-2-58',_binary '','2022-02-06 12:00:00','8a85dfa084cd5b200184cd5be1b4000a',NULL,'8a85dfa084cd5b200184cd5bb83f0001',NULL),('APT-2-59',_binary '','2022-11-10 12:00:00','8a85dfa084cd5b200184cd5be1b4000a',NULL,'8a85dfa084cd5b200184cd5bb83f0001',NULL),('APT-2-60',_binary '','2022-01-07 12:00:00','8a85dfa084cd5b200184cd5be1b4000d',NULL,'8a85dfa084cd5b200184cd5bb83f0001',NULL),('APT-2-61',_binary '','2022-07-06 12:00:00','8a85dfa084cd5b200184cd5be1b4000d',NULL,'8a85dfa084cd5b200184cd5bb83f0001',NULL),('APT-2-62',_binary '','2022-01-02 12:00:00','8a85dfa084cd5b200184cd5be1b4000e',NULL,'8a85dfa084cd5b200184cd5bb83f0001',NULL),('APT-2-63',_binary '','2022-10-10 12:00:00','8a85dfa084cd5b200184cd5be1b4000a',NULL,'8a85dfa084cd5b200184cd5bb83f0001',NULL),('APT-2-64',_binary '','2022-01-07 12:00:00','8a85dfa084cd5b200184cd5be1b4000d',NULL,'8a85dfa084cd5b200184cd5bb83f0001',NULL),('APT-2-65',_binary '','2022-03-02 12:00:00','8a85dfa084cd5b200184cd5be1b4000e',NULL,'8a85dfa084cd5b200184cd5bb83f0001',NULL),('APT-2-66',_binary '','2022-10-01 12:00:00','8a85dfa084cd5b200184cd5be1b4000a',NULL,'8a85dfa084cd5b200184cd5bb83f0001',NULL),('APT-2-67',_binary '','2022-03-05 12:00:00','8a85dfa084cd5b200184cd5be1b4000c',NULL,'8a85dfa084cd5b200184cd5bb83f0001',NULL),('APT-2-68',_binary '','2022-11-02 12:00:00','8a85dfa084cd5b200184cd5be1b4000d',NULL,'8a85dfa084cd5b200184cd5bb83f0001',NULL),('APT-2-69',_binary '','2022-05-06 12:00:00','8a85dfa084cd5b200184cd5be1b4000e',NULL,'8a85dfa084cd5b200184cd5bb83f0001',NULL),('APT-2-70',_binary '','2022-06-10 12:00:00','8a85dfa084cd5b200184cd5be1b4000a',NULL,'8a85dfa084cd5b200184cd5bb83f0001',NULL),('APT-2-71',_binary '','2022-02-11 12:00:00','8a85dfa084cd5b200184cd5be1b4000a',NULL,'8a85dfa084cd5b200184cd5bb83f0001',NULL),('APT-2-72',_binary '','2022-11-05 12:00:00','8a85dfa084cd5b200184cd5be1b4000b',NULL,'8a85dfa084cd5b200184cd5bb83f0001',NULL),('APT-3-01',_binary '','2022-01-04 12:00:00','8a85dfa084cd5b200184cd5be1b4000c',NULL,'8a85dfa084cd5b200184cd5bb83f0002',NULL),('APT-3-02',_binary '','2022-02-26 12:00:00','8a85dfa084cd5b200184cd5be1b4000c',NULL,'8a85dfa084cd5b200184cd5bb83f0002',NULL),('APT-3-03',_binary '','2022-03-16 12:00:00','8a85dfa084cd5b200184cd5be1b4000c',NULL,'8a85dfa084cd5b200184cd5bb83f0002',NULL),('APT-3-04',_binary '','2022-04-27 12:00:00','8a85dfa084cd5b200184cd5be1b4000c',NULL,'8a85dfa084cd5b200184cd5bb83f0002',NULL),('APT-3-05',_binary '','2022-05-24 12:00:00','8a85dfa084cd5b200184cd5be1b4000c',NULL,'8a85dfa084cd5b200184cd5bb83f0002',NULL),('APT-3-06',_binary '','2022-06-09 12:00:00','8a85dfa084cd5b200184cd5be1b4000c',NULL,'8a85dfa084cd5b200184cd5bb83f0002',NULL),('APT-3-07',_binary '','2022-07-28 12:00:00','8a85dfa084cd5b200184cd5be1b4000c',NULL,'8a85dfa084cd5b200184cd5bb83f0002',NULL),('APT-3-08',_binary '','2022-08-13 12:00:00','8a85dfa084cd5b200184cd5be1b4000c',NULL,'8a85dfa084cd5b200184cd5bb83f0002',NULL),('APT-3-09',_binary '','2022-09-18 12:00:00','8a85dfa084cd5b200184cd5be1b4000c',NULL,'8a85dfa084cd5b200184cd5bb83f0002',NULL),('APT-3-10',_binary '','2022-10-02 12:00:00','8a85dfa084cd5b200184cd5be1b4000c',NULL,'8a85dfa084cd5b200184cd5bb83f0002',NULL),('APT-3-11',_binary '','2022-11-23 12:00:00','8a85dfa084cd5b200184cd5be1b4000c',NULL,'8a85dfa084cd5b200184cd5bb83f0002',NULL),('APT-3-12',_binary '','2022-12-27 12:00:00','8a85dfa084cd5b200184cd5be1b4000c',NULL,'8a85dfa084cd5b200184cd5bb83f0002',NULL),('APT-3-13',_binary '','2021-01-28 12:00:00','8a85dfa084cd5b200184cd5be1b4000c',NULL,'8a85dfa084cd5b200184cd5bb83f0002',NULL),('APT-3-14',_binary '','2021-02-06 12:00:00','8a85dfa084cd5b200184cd5be1b4000c',NULL,'8a85dfa084cd5b200184cd5bb83f0002',NULL),('APT-3-15',_binary '','2021-03-08 12:00:00','8a85dfa084cd5b200184cd5be1b4000c',NULL,'8a85dfa084cd5b200184cd5bb83f0002',NULL),('APT-3-16',_binary '','2021-04-17 12:00:00','8a85dfa084cd5b200184cd5be1b4000c',NULL,'8a85dfa084cd5b200184cd5bb83f0002',NULL),('APT-3-17',_binary '','2021-05-16 12:00:00','8a85dfa084cd5b200184cd5be1b4000c',NULL,'8a85dfa084cd5b200184cd5bb83f0002',NULL),('APT-3-18',_binary '','2021-06-15 12:00:00','8a85dfa084cd5b200184cd5be1b4000c',NULL,'8a85dfa084cd5b200184cd5bb83f0002',NULL),('APT-3-19',_binary '','2021-07-20 12:00:00','8a85dfa084cd5b200184cd5be1b4000c',NULL,'8a85dfa084cd5b200184cd5bb83f0002',NULL),('APT-3-20',_binary '','2021-08-23 12:00:00','8a85dfa084cd5b200184cd5be1b4000c',NULL,'8a85dfa084cd5b200184cd5bb83f0002',NULL),('APT-3-21',_binary '','2021-09-17 12:00:00','8a85dfa084cd5b200184cd5be1b4000c',NULL,'8a85dfa084cd5b200184cd5bb83f0002',NULL),('APT-3-22',_binary '','2021-10-04 12:00:00','8a85dfa084cd5b200184cd5be1b4000c',NULL,'8a85dfa084cd5b200184cd5bb83f0002',NULL),('APT-3-23',_binary '','2021-11-08 12:00:00','8a85dfa084cd5b200184cd5be1b4000c',NULL,'8a85dfa084cd5b200184cd5bb83f0002',NULL),('APT-3-24',_binary '','2021-12-01 12:00:00','8a85dfa084cd5b200184cd5be1b4000c',NULL,'8a85dfa084cd5b200184cd5bb83f0002',NULL),('APT-3-25',_binary '','2021-12-09 12:00:00','8a85dfa084cd5b200184cd5be1b4000e',NULL,'8a85dfa084cd5b200184cd5bb83f0002',NULL),('APT-3-26',_binary '','2021-11-10 12:00:00','8a85dfa084cd5b200184cd5be1b4000a',NULL,'8a85dfa084cd5b200184cd5bb83f0002',NULL),('APT-3-27',_binary '','2021-03-01 12:00:00','8a85dfa084cd5b200184cd5be1b4000c',NULL,'8a85dfa084cd5b200184cd5bb83f0002',NULL),('APT-3-28',_binary '','2021-06-07 12:00:00','8a85dfa084cd5b200184cd5be1b4000e',NULL,'8a85dfa084cd5b200184cd5bb83f0002',NULL),('APT-3-29',_binary '','2021-05-02 12:00:00','8a85dfa084cd5b200184cd5be1b4000d',NULL,'8a85dfa084cd5b200184cd5bb83f0002',NULL),('APT-3-30',_binary '','2021-12-02 12:00:00','8a85dfa084cd5b200184cd5be1b4000d',NULL,'8a85dfa084cd5b200184cd5bb83f0002',NULL),('APT-3-31',_binary '','2021-10-12 12:00:00','8a85dfa084cd5b200184cd5be1b4000e',NULL,'8a85dfa084cd5b200184cd5bb83f0002',NULL),('APT-3-32',_binary '','2021-08-07 12:00:00','8a85dfa084cd5b200184cd5be1b4000a',NULL,'8a85dfa084cd5b200184cd5bb83f0002',NULL),('APT-3-33',_binary '','2021-06-12 12:00:00','8a85dfa084cd5b200184cd5be1b4000e',NULL,'8a85dfa084cd5b200184cd5bb83f0002',NULL),('APT-3-34',_binary '','2021-11-12 12:00:00','8a85dfa084cd5b200184cd5be1b4000c',NULL,'8a85dfa084cd5b200184cd5bb83f0002',NULL),('APT-3-35',_binary '','2021-09-12 12:00:00','8a85dfa084cd5b200184cd5be1b4000b',NULL,'8a85dfa084cd5b200184cd5bb83f0002',NULL),('APT-3-36',_binary '','2021-04-09 12:00:00','8a85dfa084cd5b200184cd5be1b4000b',NULL,'8a85dfa084cd5b200184cd5bb83f0002',NULL),('APT-3-37',_binary '','2021-06-08 12:00:00','8a85dfa084cd5b200184cd5be1b4000e',NULL,'8a85dfa084cd5b200184cd5bb83f0002',NULL),('APT-3-38',_binary '','2021-07-11 12:00:00','8a85dfa084cd5b200184cd5be1b4000d',NULL,'8a85dfa084cd5b200184cd5bb83f0002',NULL),('APT-3-39',_binary '','2021-11-09 12:00:00','8a85dfa084cd5b200184cd5be1b4000c',NULL,'8a85dfa084cd5b200184cd5bb83f0002',NULL),('APT-3-40',_binary '','2021-08-05 12:00:00','8a85dfa084cd5b200184cd5be1b4000e',NULL,'8a85dfa084cd5b200184cd5bb83f0002',NULL),('APT-3-41',_binary '','2021-04-09 12:00:00','8a85dfa084cd5b200184cd5be1b4000a',NULL,'8a85dfa084cd5b200184cd5bb83f0002',NULL),('APT-3-42',_binary '','2021-02-02 12:00:00','8a85dfa084cd5b200184cd5be1b4000c',NULL,'8a85dfa084cd5b200184cd5bb83f0002',NULL),('APT-3-43',_binary '','2021-05-11 12:00:00','8a85dfa084cd5b200184cd5be1b4000a',NULL,'8a85dfa084cd5b200184cd5bb83f0002',NULL),('APT-3-44',_binary '','2021-09-11 12:00:00','8a85dfa084cd5b200184cd5be1b4000c',NULL,'8a85dfa084cd5b200184cd5bb83f0002',NULL),('APT-3-45',_binary '','2021-04-07 12:00:00','8a85dfa084cd5b200184cd5be1b4000a',NULL,'8a85dfa084cd5b200184cd5bb83f0002',NULL),('APT-3-46',_binary '','2021-06-01 12:00:00','8a85dfa084cd5b200184cd5be1b4000e',NULL,'8a85dfa084cd5b200184cd5bb83f0002',NULL),('APT-3-47',_binary '','2021-02-07 12:00:00','8a85dfa084cd5b200184cd5be1b4000b',NULL,'8a85dfa084cd5b200184cd5bb83f0002',NULL),('APT-3-48',_binary '','2021-02-01 12:00:00','8a85dfa084cd5b200184cd5be1b4000e',NULL,'8a85dfa084cd5b200184cd5bb83f0002',NULL),('APT-3-49',_binary '','2022-09-10 12:00:00','8a85dfa084cd5b200184cd5be1b4000b',NULL,'8a85dfa084cd5b200184cd5bb83f0002',NULL),('APT-3-50',_binary '','2022-04-09 12:00:00','8a85dfa084cd5b200184cd5be1b4000d',NULL,'8a85dfa084cd5b200184cd5bb83f0002',NULL),('APT-3-51',_binary '','2022-03-04 12:00:00','8a85dfa084cd5b200184cd5be1b4000e',NULL,'8a85dfa084cd5b200184cd5bb83f0002',NULL),('APT-3-52',_binary '','2022-07-07 12:00:00','8a85dfa084cd5b200184cd5be1b4000e',NULL,'8a85dfa084cd5b200184cd5bb83f0002',NULL),('APT-3-53',_binary '','2022-10-05 12:00:00','8a85dfa084cd5b200184cd5be1b4000e',NULL,'8a85dfa084cd5b200184cd5bb83f0002',NULL),('APT-3-54',_binary '','2022-02-04 12:00:00','8a85dfa084cd5b200184cd5be1b4000b',NULL,'8a85dfa084cd5b200184cd5bb83f0002',NULL),('APT-3-55',_binary '','2022-02-09 12:00:00','8a85dfa084cd5b200184cd5be1b4000e',NULL,'8a85dfa084cd5b200184cd5bb83f0002',NULL),('APT-3-56',_binary '','2022-09-12 12:00:00','8a85dfa084cd5b200184cd5be1b4000b',NULL,'8a85dfa084cd5b200184cd5bb83f0002',NULL),('APT-3-57',_binary '','2022-05-12 12:00:00','8a85dfa084cd5b200184cd5be1b4000a',NULL,'8a85dfa084cd5b200184cd5bb83f0002',NULL),('APT-3-58',_binary '','2022-12-08 12:00:00','8a85dfa084cd5b200184cd5be1b4000c',NULL,'8a85dfa084cd5b200184cd5bb83f0002',NULL),('APT-3-59',_binary '','2022-05-08 12:00:00','8a85dfa084cd5b200184cd5be1b4000c',NULL,'8a85dfa084cd5b200184cd5bb83f0002',NULL),('APT-3-60',_binary '','2022-09-08 12:00:00','8a85dfa084cd5b200184cd5be1b4000c',NULL,'8a85dfa084cd5b200184cd5bb83f0002',NULL),('APT-3-61',_binary '','2022-03-01 12:00:00','8a85dfa084cd5b200184cd5be1b4000c',NULL,'8a85dfa084cd5b200184cd5bb83f0002',NULL),('APT-3-62',_binary '','2022-02-03 12:00:00','8a85dfa084cd5b200184cd5be1b4000a',NULL,'8a85dfa084cd5b200184cd5bb83f0002',NULL),('APT-3-63',_binary '','2022-03-01 12:00:00','8a85dfa084cd5b200184cd5be1b4000c',NULL,'8a85dfa084cd5b200184cd5bb83f0002',NULL),('APT-3-64',_binary '','2022-11-08 12:00:00','8a85dfa084cd5b200184cd5be1b4000d',NULL,'8a85dfa084cd5b200184cd5bb83f0002',NULL),('APT-3-65',_binary '','2022-07-04 12:00:00','8a85dfa084cd5b200184cd5be1b4000d',NULL,'8a85dfa084cd5b200184cd5bb83f0002',NULL),('APT-3-66',_binary '','2022-09-08 12:00:00','8a85dfa084cd5b200184cd5be1b4000b',NULL,'8a85dfa084cd5b200184cd5bb83f0002',NULL),('APT-3-67',_binary '','2022-08-05 12:00:00','8a85dfa084cd5b200184cd5be1b4000a',NULL,'8a85dfa084cd5b200184cd5bb83f0002',NULL),('APT-3-68',_binary '','2022-04-05 12:00:00','8a85dfa084cd5b200184cd5be1b4000e',NULL,'8a85dfa084cd5b200184cd5bb83f0002',NULL),('APT-3-69',_binary '','2022-03-11 12:00:00','8a85dfa084cd5b200184cd5be1b4000b',NULL,'8a85dfa084cd5b200184cd5bb83f0002',NULL),('APT-3-70',_binary '','2022-01-02 12:00:00','8a85dfa084cd5b200184cd5be1b4000e',NULL,'8a85dfa084cd5b200184cd5bb83f0002',NULL),('APT-3-71',_binary '','2022-08-11 12:00:00','8a85dfa084cd5b200184cd5be1b4000c',NULL,'8a85dfa084cd5b200184cd5bb83f0002',NULL),('APT-3-72',_binary '','2022-03-04 12:00:00','8a85dfa084cd5b200184cd5be1b4000e',NULL,'8a85dfa084cd5b200184cd5bb83f0002',NULL),('APT-4-01',_binary '','2022-01-11 12:00:00','8a85dfa084cd5b200184cd5be1b4000d',NULL,'8a85dfa084cd5b200184cd5bb83f0003',NULL),('APT-4-02',_binary '','2022-02-03 12:00:00','8a85dfa084cd5b200184cd5be1b4000d',NULL,'8a85dfa084cd5b200184cd5bb83f0003',NULL),('APT-4-03',_binary '','2022-03-28 12:00:00','8a85dfa084cd5b200184cd5be1b4000d',NULL,'8a85dfa084cd5b200184cd5bb83f0003',NULL),('APT-4-04',_binary '','2022-04-22 12:00:00','8a85dfa084cd5b200184cd5be1b4000d',NULL,'8a85dfa084cd5b200184cd5bb83f0003',NULL),('APT-4-05',_binary '','2022-05-02 12:00:00','8a85dfa084cd5b200184cd5be1b4000d',NULL,'8a85dfa084cd5b200184cd5bb83f0003',NULL),('APT-4-06',_binary '','2022-06-19 12:00:00','8a85dfa084cd5b200184cd5be1b4000d',NULL,'8a85dfa084cd5b200184cd5bb83f0003',NULL),('APT-4-07',_binary '','2022-07-11 12:00:00','8a85dfa084cd5b200184cd5be1b4000d',NULL,'8a85dfa084cd5b200184cd5bb83f0003',NULL),('APT-4-08',_binary '','2022-08-20 12:00:00','8a85dfa084cd5b200184cd5be1b4000d',NULL,'8a85dfa084cd5b200184cd5bb83f0003',NULL),('APT-4-09',_binary '','2022-09-20 12:00:00','8a85dfa084cd5b200184cd5be1b4000d',NULL,'8a85dfa084cd5b200184cd5bb83f0003',NULL),('APT-4-10',_binary '','2022-10-05 12:00:00','8a85dfa084cd5b200184cd5be1b4000d',NULL,'8a85dfa084cd5b200184cd5bb83f0003',NULL),('APT-4-11',_binary '','2022-11-24 12:00:00','8a85dfa084cd5b200184cd5be1b4000d',NULL,'8a85dfa084cd5b200184cd5bb83f0003',NULL),('APT-4-12',_binary '','2022-12-13 12:00:00','8a85dfa084cd5b200184cd5be1b4000d',NULL,'8a85dfa084cd5b200184cd5bb83f0003',NULL),('APT-4-13',_binary '','2021-01-13 12:00:00','8a85dfa084cd5b200184cd5be1b4000d',NULL,'8a85dfa084cd5b200184cd5bb83f0003',NULL),('APT-4-14',_binary '','2021-02-25 12:00:00','8a85dfa084cd5b200184cd5be1b4000d',NULL,'8a85dfa084cd5b200184cd5bb83f0003',NULL),('APT-4-15',_binary '','2021-03-15 12:00:00','8a85dfa084cd5b200184cd5be1b4000d',NULL,'8a85dfa084cd5b200184cd5bb83f0003',NULL),('APT-4-16',_binary '','2021-04-04 12:00:00','8a85dfa084cd5b200184cd5be1b4000d',NULL,'8a85dfa084cd5b200184cd5bb83f0003',NULL),('APT-4-17',_binary '','2021-05-01 12:00:00','8a85dfa084cd5b200184cd5be1b4000d',NULL,'8a85dfa084cd5b200184cd5bb83f0003',NULL),('APT-4-18',_binary '','2021-06-04 12:00:00','8a85dfa084cd5b200184cd5be1b4000d',NULL,'8a85dfa084cd5b200184cd5bb83f0003',NULL),('APT-4-19',_binary '','2021-07-04 12:00:00','8a85dfa084cd5b200184cd5be1b4000d',NULL,'8a85dfa084cd5b200184cd5bb83f0003',NULL),('APT-4-20',_binary '','2021-08-23 12:00:00','8a85dfa084cd5b200184cd5be1b4000d',NULL,'8a85dfa084cd5b200184cd5bb83f0003',NULL),('APT-4-21',_binary '','2021-09-09 12:00:00','8a85dfa084cd5b200184cd5be1b4000d',NULL,'8a85dfa084cd5b200184cd5bb83f0003',NULL),('APT-4-22',_binary '','2021-10-25 12:00:00','8a85dfa084cd5b200184cd5be1b4000d',NULL,'8a85dfa084cd5b200184cd5bb83f0003',NULL),('APT-4-23',_binary '','2021-11-17 12:00:00','8a85dfa084cd5b200184cd5be1b4000d',NULL,'8a85dfa084cd5b200184cd5bb83f0003',NULL),('APT-4-24',_binary '','2021-12-06 12:00:00','8a85dfa084cd5b200184cd5be1b4000d',NULL,'8a85dfa084cd5b200184cd5bb83f0003',NULL),('APT-4-25',_binary '','2021-01-09 12:00:00','8a85dfa084cd5b200184cd5be1b4000a',NULL,'8a85dfa084cd5b200184cd5bb83f0003',NULL),('APT-4-26',_binary '','2021-03-08 12:00:00','8a85dfa084cd5b200184cd5be1b4000e',NULL,'8a85dfa084cd5b200184cd5bb83f0003',NULL),('APT-4-27',_binary '','2021-02-01 12:00:00','8a85dfa084cd5b200184cd5be1b4000b',NULL,'8a85dfa084cd5b200184cd5bb83f0003',NULL),('APT-4-28',_binary '','2021-03-10 12:00:00','8a85dfa084cd5b200184cd5be1b4000c',NULL,'8a85dfa084cd5b200184cd5bb83f0003',NULL),('APT-4-29',_binary '','2021-05-09 12:00:00','8a85dfa084cd5b200184cd5be1b4000c',NULL,'8a85dfa084cd5b200184cd5bb83f0003',NULL),('APT-4-30',_binary '','2021-11-04 12:00:00','8a85dfa084cd5b200184cd5be1b4000e',NULL,'8a85dfa084cd5b200184cd5bb83f0003',NULL),('APT-4-31',_binary '','2021-09-11 12:00:00','8a85dfa084cd5b200184cd5be1b4000b',NULL,'8a85dfa084cd5b200184cd5bb83f0003',NULL),('APT-4-32',_binary '','2021-10-04 12:00:00','8a85dfa084cd5b200184cd5be1b4000d',NULL,'8a85dfa084cd5b200184cd5bb83f0003',NULL),('APT-4-33',_binary '','2021-12-01 12:00:00','8a85dfa084cd5b200184cd5be1b4000e',NULL,'8a85dfa084cd5b200184cd5bb83f0003',NULL),('APT-4-34',_binary '','2021-12-09 12:00:00','8a85dfa084cd5b200184cd5be1b4000d',NULL,'8a85dfa084cd5b200184cd5bb83f0003',NULL),('APT-4-35',_binary '','2021-11-02 12:00:00','8a85dfa084cd5b200184cd5be1b4000a',NULL,'8a85dfa084cd5b200184cd5bb83f0003',NULL),('APT-4-36',_binary '','2021-10-08 12:00:00','8a85dfa084cd5b200184cd5be1b4000a',NULL,'8a85dfa084cd5b200184cd5bb83f0003',NULL),('APT-4-37',_binary '','2021-10-10 12:00:00','8a85dfa084cd5b200184cd5be1b4000a',NULL,'8a85dfa084cd5b200184cd5bb83f0003',NULL),('APT-4-38',_binary '','2021-10-01 12:00:00','8a85dfa084cd5b200184cd5be1b4000a',NULL,'8a85dfa084cd5b200184cd5bb83f0003',NULL),('APT-4-39',_binary '','2021-03-08 12:00:00','8a85dfa084cd5b200184cd5be1b4000e',NULL,'8a85dfa084cd5b200184cd5bb83f0003',NULL),('APT-4-40',_binary '','2021-08-08 12:00:00','8a85dfa084cd5b200184cd5be1b4000e',NULL,'8a85dfa084cd5b200184cd5bb83f0003',NULL),('APT-4-41',_binary '','2021-07-03 12:00:00','8a85dfa084cd5b200184cd5be1b4000a',NULL,'8a85dfa084cd5b200184cd5bb83f0003',NULL),('APT-4-42',_binary '','2021-12-02 12:00:00','8a85dfa084cd5b200184cd5be1b4000d',NULL,'8a85dfa084cd5b200184cd5bb83f0003',NULL),('APT-4-43',_binary '','2021-11-08 12:00:00','8a85dfa084cd5b200184cd5be1b4000d',NULL,'8a85dfa084cd5b200184cd5bb83f0003',NULL),('APT-4-44',_binary '','2021-12-09 12:00:00','8a85dfa084cd5b200184cd5be1b4000b',NULL,'8a85dfa084cd5b200184cd5bb83f0003',NULL),('APT-4-45',_binary '','2021-09-11 12:00:00','8a85dfa084cd5b200184cd5be1b4000b',NULL,'8a85dfa084cd5b200184cd5bb83f0003',NULL),('APT-4-46',_binary '','2021-10-05 12:00:00','8a85dfa084cd5b200184cd5be1b4000b',NULL,'8a85dfa084cd5b200184cd5bb83f0003',NULL),('APT-4-47',_binary '','2021-03-02 12:00:00','8a85dfa084cd5b200184cd5be1b4000c',NULL,'8a85dfa084cd5b200184cd5bb83f0003',NULL),('APT-4-48',_binary '','2021-04-07 12:00:00','8a85dfa084cd5b200184cd5be1b4000a',NULL,'8a85dfa084cd5b200184cd5bb83f0003',NULL),('APT-4-49',_binary '','2022-08-07 12:00:00','8a85dfa084cd5b200184cd5be1b4000c',NULL,'8a85dfa084cd5b200184cd5bb83f0003',NULL),('APT-4-50',_binary '','2022-07-07 12:00:00','8a85dfa084cd5b200184cd5be1b4000e',NULL,'8a85dfa084cd5b200184cd5bb83f0003',NULL),('APT-4-51',_binary '','2022-06-04 12:00:00','8a85dfa084cd5b200184cd5be1b4000e',NULL,'8a85dfa084cd5b200184cd5bb83f0003',NULL),('APT-4-52',_binary '','2022-12-02 12:00:00','8a85dfa084cd5b200184cd5be1b4000d',NULL,'8a85dfa084cd5b200184cd5bb83f0003',NULL),('APT-4-53',_binary '','2022-08-05 12:00:00','8a85dfa084cd5b200184cd5be1b4000a',NULL,'8a85dfa084cd5b200184cd5bb83f0003',NULL),('APT-4-54',_binary '','2022-02-10 12:00:00','8a85dfa084cd5b200184cd5be1b4000b',NULL,'8a85dfa084cd5b200184cd5bb83f0003',NULL),('APT-4-55',_binary '','2022-01-08 12:00:00','8a85dfa084cd5b200184cd5be1b4000b',NULL,'8a85dfa084cd5b200184cd5bb83f0003',NULL),('APT-4-56',_binary '','2022-12-11 12:00:00','8a85dfa084cd5b200184cd5be1b4000b',NULL,'8a85dfa084cd5b200184cd5bb83f0003',NULL),('APT-4-57',_binary '','2022-04-02 12:00:00','8a85dfa084cd5b200184cd5be1b4000a',NULL,'8a85dfa084cd5b200184cd5bb83f0003',NULL),('APT-4-58',_binary '','2022-10-02 12:00:00','8a85dfa084cd5b200184cd5be1b4000e',NULL,'8a85dfa084cd5b200184cd5bb83f0003',NULL),('APT-4-59',_binary '','2022-04-08 12:00:00','8a85dfa084cd5b200184cd5be1b4000d',NULL,'8a85dfa084cd5b200184cd5bb83f0003',NULL),('APT-4-60',_binary '','2022-04-12 12:00:00','8a85dfa084cd5b200184cd5be1b4000b',NULL,'8a85dfa084cd5b200184cd5bb83f0003',NULL),('APT-4-61',_binary '','2022-11-09 12:00:00','8a85dfa084cd5b200184cd5be1b4000e',NULL,'8a85dfa084cd5b200184cd5bb83f0003',NULL),('APT-4-62',_binary '','2022-11-05 12:00:00','8a85dfa084cd5b200184cd5be1b4000e',NULL,'8a85dfa084cd5b200184cd5bb83f0003',NULL),('APT-4-63',_binary '','2022-06-09 12:00:00','8a85dfa084cd5b200184cd5be1b4000c',NULL,'8a85dfa084cd5b200184cd5bb83f0003',NULL),('APT-4-64',_binary '','2022-04-05 12:00:00','8a85dfa084cd5b200184cd5be1b4000d',NULL,'8a85dfa084cd5b200184cd5bb83f0003',NULL),('APT-4-65',_binary '','2022-09-11 12:00:00','8a85dfa084cd5b200184cd5be1b4000b',NULL,'8a85dfa084cd5b200184cd5bb83f0003',NULL),('APT-4-66',_binary '','2022-03-08 12:00:00','8a85dfa084cd5b200184cd5be1b4000e',NULL,'8a85dfa084cd5b200184cd5bb83f0003',NULL),('APT-4-67',_binary '','2022-04-02 12:00:00','8a85dfa084cd5b200184cd5be1b4000b',NULL,'8a85dfa084cd5b200184cd5bb83f0003',NULL),('APT-4-68',_binary '','2022-12-07 12:00:00','8a85dfa084cd5b200184cd5be1b4000e',NULL,'8a85dfa084cd5b200184cd5bb83f0003',NULL),('APT-4-69',_binary '','2022-09-01 12:00:00','8a85dfa084cd5b200184cd5be1b4000b',NULL,'8a85dfa084cd5b200184cd5bb83f0003',NULL),('APT-4-70',_binary '','2022-04-08 12:00:00','8a85dfa084cd5b200184cd5be1b4000c',NULL,'8a85dfa084cd5b200184cd5bb83f0003',NULL),('APT-4-71',_binary '','2022-10-05 12:00:00','8a85dfa084cd5b200184cd5be1b4000a',NULL,'8a85dfa084cd5b200184cd5bb83f0003',NULL),('APT-4-72',_binary '','2022-11-03 12:00:00','8a85dfa084cd5b200184cd5be1b4000b',NULL,'8a85dfa084cd5b200184cd5bb83f0003',NULL),('APT-5-01',_binary '','2022-01-14 12:00:00','8a85dfa084cd5b200184cd5be1b4000e',NULL,'8a85dfa084cd5b200184cd5bb83f0004',NULL),('APT-5-02',_binary '','2022-02-16 12:00:00','8a85dfa084cd5b200184cd5be1b4000e',NULL,'8a85dfa084cd5b200184cd5bb83f0004',NULL),('APT-5-03',_binary '','2022-03-02 12:00:00','8a85dfa084cd5b200184cd5be1b4000e',NULL,'8a85dfa084cd5b200184cd5bb83f0004',NULL),('APT-5-04',_binary '','2022-04-25 12:00:00','8a85dfa084cd5b200184cd5be1b4000e',NULL,'8a85dfa084cd5b200184cd5bb83f0004',NULL),('APT-5-05',_binary '','2022-05-07 12:00:00','8a85dfa084cd5b200184cd5be1b4000e',NULL,'8a85dfa084cd5b200184cd5bb83f0004',NULL),('APT-5-06',_binary '','2022-06-09 12:00:00','8a85dfa084cd5b200184cd5be1b4000e',NULL,'8a85dfa084cd5b200184cd5bb83f0004',NULL),('APT-5-07',_binary '','2022-07-27 12:00:00','8a85dfa084cd5b200184cd5be1b4000e',NULL,'8a85dfa084cd5b200184cd5bb83f0004',NULL),('APT-5-08',_binary '','2022-08-10 12:00:00','8a85dfa084cd5b200184cd5be1b4000e',NULL,'8a85dfa084cd5b200184cd5bb83f0004',NULL),('APT-5-09',_binary '','2022-09-12 12:00:00','8a85dfa084cd5b200184cd5be1b4000e',NULL,'8a85dfa084cd5b200184cd5bb83f0004',NULL),('APT-5-10',_binary '','2022-10-11 12:00:00','8a85dfa084cd5b200184cd5be1b4000e',NULL,'8a85dfa084cd5b200184cd5bb83f0004',NULL),('APT-5-11',_binary '','2022-11-24 12:00:00','8a85dfa084cd5b200184cd5be1b4000e',NULL,'8a85dfa084cd5b200184cd5bb83f0004',NULL),('APT-5-12',_binary '','2022-12-20 12:00:00','8a85dfa084cd5b200184cd5be1b4000e',NULL,'8a85dfa084cd5b200184cd5bb83f0004',NULL),('APT-5-13',_binary '','2021-01-19 12:00:00','8a85dfa084cd5b200184cd5be1b4000e',NULL,'8a85dfa084cd5b200184cd5bb83f0004',NULL),('APT-5-14',_binary '','2021-02-08 12:00:00','8a85dfa084cd5b200184cd5be1b4000e',NULL,'8a85dfa084cd5b200184cd5bb83f0004',NULL),('APT-5-15',_binary '','2021-03-13 12:00:00','8a85dfa084cd5b200184cd5be1b4000e',NULL,'8a85dfa084cd5b200184cd5bb83f0004',NULL),('APT-5-16',_binary '','2021-04-02 12:00:00','8a85dfa084cd5b200184cd5be1b4000e',NULL,'8a85dfa084cd5b200184cd5bb83f0004',NULL),('APT-5-17',_binary '','2021-05-06 12:00:00','8a85dfa084cd5b200184cd5be1b4000e',NULL,'8a85dfa084cd5b200184cd5bb83f0004',NULL),('APT-5-18',_binary '','2021-06-12 12:00:00','8a85dfa084cd5b200184cd5be1b4000e',NULL,'8a85dfa084cd5b200184cd5bb83f0004',NULL),('APT-5-19',_binary '','2021-07-11 12:00:00','8a85dfa084cd5b200184cd5be1b4000e',NULL,'8a85dfa084cd5b200184cd5bb83f0004',NULL),('APT-5-20',_binary '','2021-08-16 12:00:00','8a85dfa084cd5b200184cd5be1b4000e',NULL,'8a85dfa084cd5b200184cd5bb83f0004',NULL),('APT-5-21',_binary '','2021-09-19 12:00:00','8a85dfa084cd5b200184cd5be1b4000e',NULL,'8a85dfa084cd5b200184cd5bb83f0004',NULL),('APT-5-22',_binary '','2021-10-04 12:00:00','8a85dfa084cd5b200184cd5be1b4000e',NULL,'8a85dfa084cd5b200184cd5bb83f0004',NULL),('APT-5-23',_binary '','2021-11-05 12:00:00','8a85dfa084cd5b200184cd5be1b4000e',NULL,'8a85dfa084cd5b200184cd5bb83f0004',NULL),('APT-5-24',_binary '','2021-12-28 12:00:00','8a85dfa084cd5b200184cd5be1b4000e',NULL,'8a85dfa084cd5b200184cd5bb83f0004',NULL),('APT-5-25',_binary '','2021-11-06 12:00:00','8a85dfa084cd5b200184cd5be1b4000b',NULL,'8a85dfa084cd5b200184cd5bb83f0004',NULL),('APT-5-26',_binary '','2021-09-11 12:00:00','8a85dfa084cd5b200184cd5be1b4000b',NULL,'8a85dfa084cd5b200184cd5bb83f0004',NULL),('APT-5-27',_binary '','2021-05-11 12:00:00','8a85dfa084cd5b200184cd5be1b4000b',NULL,'8a85dfa084cd5b200184cd5bb83f0004',NULL),('APT-5-28',_binary '','2021-12-07 12:00:00','8a85dfa084cd5b200184cd5be1b4000a',NULL,'8a85dfa084cd5b200184cd5bb83f0004',NULL),('APT-5-29',_binary '','2021-09-07 12:00:00','8a85dfa084cd5b200184cd5be1b4000d',NULL,'8a85dfa084cd5b200184cd5bb83f0004',NULL),('APT-5-30',_binary '','2021-03-03 12:00:00','8a85dfa084cd5b200184cd5be1b4000b',NULL,'8a85dfa084cd5b200184cd5bb83f0004',NULL),('APT-5-31',_binary '','2021-08-07 12:00:00','8a85dfa084cd5b200184cd5be1b4000d',NULL,'8a85dfa084cd5b200184cd5bb83f0004',NULL),('APT-5-32',_binary '','2021-08-05 12:00:00','8a85dfa084cd5b200184cd5be1b4000a',NULL,'8a85dfa084cd5b200184cd5bb83f0004',NULL),('APT-5-33',_binary '','2021-11-12 12:00:00','8a85dfa084cd5b200184cd5be1b4000b',NULL,'8a85dfa084cd5b200184cd5bb83f0004',NULL),('APT-5-34',_binary '','2021-08-05 12:00:00','8a85dfa084cd5b200184cd5be1b4000e',NULL,'8a85dfa084cd5b200184cd5bb83f0004',NULL),('APT-5-35',_binary '','2021-04-01 12:00:00','8a85dfa084cd5b200184cd5be1b4000b',NULL,'8a85dfa084cd5b200184cd5bb83f0004',NULL),('APT-5-36',_binary '','2021-10-01 12:00:00','8a85dfa084cd5b200184cd5be1b4000b',NULL,'8a85dfa084cd5b200184cd5bb83f0004',NULL),('APT-5-37',_binary '','2021-12-04 12:00:00','8a85dfa084cd5b200184cd5be1b4000b',NULL,'8a85dfa084cd5b200184cd5bb83f0004',NULL),('APT-5-38',_binary '','2021-05-10 12:00:00','8a85dfa084cd5b200184cd5be1b4000a',NULL,'8a85dfa084cd5b200184cd5bb83f0004',NULL),('APT-5-39',_binary '','2021-01-03 12:00:00','8a85dfa084cd5b200184cd5be1b4000c',NULL,'8a85dfa084cd5b200184cd5bb83f0004',NULL),('APT-5-40',_binary '','2021-05-02 12:00:00','8a85dfa084cd5b200184cd5be1b4000d',NULL,'8a85dfa084cd5b200184cd5bb83f0004',NULL),('APT-5-41',_binary '','2021-06-08 12:00:00','8a85dfa084cd5b200184cd5be1b4000a',NULL,'8a85dfa084cd5b200184cd5bb83f0004',NULL),('APT-5-42',_binary '','2021-12-05 12:00:00','8a85dfa084cd5b200184cd5be1b4000b',NULL,'8a85dfa084cd5b200184cd5bb83f0004',NULL),('APT-5-43',_binary '','2021-06-02 12:00:00','8a85dfa084cd5b200184cd5be1b4000c',NULL,'8a85dfa084cd5b200184cd5bb83f0004',NULL),('APT-5-44',_binary '','2021-03-04 12:00:00','8a85dfa084cd5b200184cd5be1b4000d',NULL,'8a85dfa084cd5b200184cd5bb83f0004',NULL),('APT-5-45',_binary '','2021-10-07 12:00:00','8a85dfa084cd5b200184cd5be1b4000d',NULL,'8a85dfa084cd5b200184cd5bb83f0004',NULL),('APT-5-46',_binary '','2021-12-11 12:00:00','8a85dfa084cd5b200184cd5be1b4000b',NULL,'8a85dfa084cd5b200184cd5bb83f0004',NULL),('APT-5-47',_binary '','2021-02-10 12:00:00','8a85dfa084cd5b200184cd5be1b4000c',NULL,'8a85dfa084cd5b200184cd5bb83f0004',NULL),('APT-5-48',_binary '','2021-12-06 12:00:00','8a85dfa084cd5b200184cd5be1b4000b',NULL,'8a85dfa084cd5b200184cd5bb83f0004',NULL),('APT-5-49',_binary '','2022-07-02 12:00:00','8a85dfa084cd5b200184cd5be1b4000d',NULL,'8a85dfa084cd5b200184cd5bb83f0004',NULL),('APT-5-50',_binary '','2022-10-07 12:00:00','8a85dfa084cd5b200184cd5be1b4000a',NULL,'8a85dfa084cd5b200184cd5bb83f0004',NULL),('APT-5-51',_binary '','2022-09-04 12:00:00','8a85dfa084cd5b200184cd5be1b4000b',NULL,'8a85dfa084cd5b200184cd5bb83f0004',NULL),('APT-5-52',_binary '','2022-01-12 12:00:00','8a85dfa084cd5b200184cd5be1b4000d',NULL,'8a85dfa084cd5b200184cd5bb83f0004',NULL),('APT-5-53',_binary '','2022-11-03 12:00:00','8a85dfa084cd5b200184cd5be1b4000e',NULL,'8a85dfa084cd5b200184cd5bb83f0004',NULL),('APT-5-54',_binary '','2022-09-03 12:00:00','8a85dfa084cd5b200184cd5be1b4000e',NULL,'8a85dfa084cd5b200184cd5bb83f0004',NULL),('APT-5-55',_binary '','2022-04-11 12:00:00','8a85dfa084cd5b200184cd5be1b4000e',NULL,'8a85dfa084cd5b200184cd5bb83f0004',NULL),('APT-5-56',_binary '','2022-12-07 12:00:00','8a85dfa084cd5b200184cd5be1b4000a',NULL,'8a85dfa084cd5b200184cd5bb83f0004',NULL),('APT-5-57',_binary '','2022-01-09 12:00:00','8a85dfa084cd5b200184cd5be1b4000c',NULL,'8a85dfa084cd5b200184cd5bb83f0004',NULL),('APT-5-58',_binary '','2022-07-05 12:00:00','8a85dfa084cd5b200184cd5be1b4000d',NULL,'8a85dfa084cd5b200184cd5bb83f0004',NULL),('APT-5-59',_binary '','2022-07-10 12:00:00','8a85dfa084cd5b200184cd5be1b4000a',NULL,'8a85dfa084cd5b200184cd5bb83f0004',NULL),('APT-5-60',_binary '','2022-03-05 12:00:00','8a85dfa084cd5b200184cd5be1b4000e',NULL,'8a85dfa084cd5b200184cd5bb83f0004',NULL),('APT-5-61',_binary '','2022-06-07 12:00:00','8a85dfa084cd5b200184cd5be1b4000e',NULL,'8a85dfa084cd5b200184cd5bb83f0004',NULL),('APT-5-62',_binary '','2022-06-10 12:00:00','8a85dfa084cd5b200184cd5be1b4000e',NULL,'8a85dfa084cd5b200184cd5bb83f0004',NULL),('APT-5-63',_binary '','2022-09-10 12:00:00','8a85dfa084cd5b200184cd5be1b4000a',NULL,'8a85dfa084cd5b200184cd5bb83f0004',NULL),('APT-5-64',_binary '','2022-06-03 12:00:00','8a85dfa084cd5b200184cd5be1b4000b',NULL,'8a85dfa084cd5b200184cd5bb83f0004',NULL),('APT-5-65',_binary '','2022-05-06 12:00:00','8a85dfa084cd5b200184cd5be1b4000b',NULL,'8a85dfa084cd5b200184cd5bb83f0004',NULL),('APT-5-66',_binary '','2022-05-02 12:00:00','8a85dfa084cd5b200184cd5be1b4000e',NULL,'8a85dfa084cd5b200184cd5bb83f0004',NULL),('APT-5-67',_binary '','2022-11-12 12:00:00','8a85dfa084cd5b200184cd5be1b4000e',NULL,'8a85dfa084cd5b200184cd5bb83f0004',NULL),('APT-5-68',_binary '','2022-01-10 12:00:00','8a85dfa084cd5b200184cd5be1b4000e',NULL,'8a85dfa084cd5b200184cd5bb83f0004',NULL),('APT-5-69',_binary '','2022-06-04 12:00:00','8a85dfa084cd5b200184cd5be1b4000c',NULL,'8a85dfa084cd5b200184cd5bb83f0004',NULL),('APT-5-70',_binary '','2022-02-04 12:00:00','8a85dfa084cd5b200184cd5be1b4000d',NULL,'8a85dfa084cd5b200184cd5bb83f0004',NULL),('APT-5-71',_binary '','2022-10-02 12:00:00','8a85dfa084cd5b200184cd5be1b4000c',NULL,'8a85dfa084cd5b200184cd5bb83f0004',NULL),('APT-5-72',_binary '','2022-11-04 12:00:00','8a85dfa084cd5b200184cd5be1b4000d',NULL,'8a85dfa084cd5b200184cd5bb83f0004',NULL),('APT-6-01',_binary '','2022-01-10 12:00:00','8a85dfa084cd5b200184cd5be1b4000a',NULL,'8a85dfa084cd5b200184cd5bb83f0005',NULL),('APT-6-02',_binary '','2022-02-19 12:00:00','8a85dfa084cd5b200184cd5be1b4000a',NULL,'8a85dfa084cd5b200184cd5bb83f0005',NULL),('APT-6-03',_binary '','2022-03-25 12:00:00','8a85dfa084cd5b200184cd5be1b4000a',NULL,'8a85dfa084cd5b200184cd5bb83f0005',NULL),('APT-6-04',_binary '','2022-04-03 12:00:00','8a85dfa084cd5b200184cd5be1b4000a',NULL,'8a85dfa084cd5b200184cd5bb83f0005',NULL),('APT-6-05',_binary '','2022-05-19 12:00:00','8a85dfa084cd5b200184cd5be1b4000a',NULL,'8a85dfa084cd5b200184cd5bb83f0005',NULL),('APT-6-06',_binary '','2022-06-14 12:00:00','8a85dfa084cd5b200184cd5be1b4000a',NULL,'8a85dfa084cd5b200184cd5bb83f0005',NULL),('APT-6-07',_binary '','2022-07-05 12:00:00','8a85dfa084cd5b200184cd5be1b4000a',NULL,'8a85dfa084cd5b200184cd5bb83f0005',NULL),('APT-6-08',_binary '','2022-08-01 12:00:00','8a85dfa084cd5b200184cd5be1b4000a',NULL,'8a85dfa084cd5b200184cd5bb83f0005',NULL),('APT-6-09',_binary '','2022-09-19 12:00:00','8a85dfa084cd5b200184cd5be1b4000a',NULL,'8a85dfa084cd5b200184cd5bb83f0005',NULL),('APT-6-10',_binary '','2022-10-06 12:00:00','8a85dfa084cd5b200184cd5be1b4000a',NULL,'8a85dfa084cd5b200184cd5bb83f0005',NULL),('APT-6-11',_binary '','2022-11-15 12:00:00','8a85dfa084cd5b200184cd5be1b4000a',NULL,'8a85dfa084cd5b200184cd5bb83f0005',NULL),('APT-6-12',_binary '','2022-12-24 12:00:00','8a85dfa084cd5b200184cd5be1b4000a',NULL,'8a85dfa084cd5b200184cd5bb83f0005',NULL),('APT-6-13',_binary '','2021-01-27 12:00:00','8a85dfa084cd5b200184cd5be1b4000a',NULL,'8a85dfa084cd5b200184cd5bb83f0005',NULL),('APT-6-14',_binary '','2021-02-18 12:00:00','8a85dfa084cd5b200184cd5be1b4000a',NULL,'8a85dfa084cd5b200184cd5bb83f0005',NULL),('APT-6-15',_binary '','2021-03-12 12:00:00','8a85dfa084cd5b200184cd5be1b4000a',NULL,'8a85dfa084cd5b200184cd5bb83f0005',NULL),('APT-6-16',_binary '','2021-04-09 12:00:00','8a85dfa084cd5b200184cd5be1b4000a',NULL,'8a85dfa084cd5b200184cd5bb83f0005',NULL),('APT-6-17',_binary '','2021-05-02 12:00:00','8a85dfa084cd5b200184cd5be1b4000a',NULL,'8a85dfa084cd5b200184cd5bb83f0005',NULL),('APT-6-18',_binary '','2021-06-12 12:00:00','8a85dfa084cd5b200184cd5be1b4000a',NULL,'8a85dfa084cd5b200184cd5bb83f0005',NULL),('APT-6-19',_binary '','2021-07-16 12:00:00','8a85dfa084cd5b200184cd5be1b4000a',NULL,'8a85dfa084cd5b200184cd5bb83f0005',NULL),('APT-6-20',_binary '','2021-08-01 12:00:00','8a85dfa084cd5b200184cd5be1b4000a',NULL,'8a85dfa084cd5b200184cd5bb83f0005',NULL),('APT-6-21',_binary '','2021-09-14 12:00:00','8a85dfa084cd5b200184cd5be1b4000a',NULL,'8a85dfa084cd5b200184cd5bb83f0005',NULL),('APT-6-22',_binary '','2021-10-02 12:00:00','8a85dfa084cd5b200184cd5be1b4000a',NULL,'8a85dfa084cd5b200184cd5bb83f0005',NULL),('APT-6-23',_binary '','2021-11-15 12:00:00','8a85dfa084cd5b200184cd5be1b4000a',NULL,'8a85dfa084cd5b200184cd5bb83f0005',NULL),('APT-6-24',_binary '','2021-12-09 12:00:00','8a85dfa084cd5b200184cd5be1b4000a',NULL,'8a85dfa084cd5b200184cd5bb83f0005',NULL),('APT-6-25',_binary '','2021-03-12 12:00:00','8a85dfa084cd5b200184cd5be1b4000d',NULL,'8a85dfa084cd5b200184cd5bb83f0005',NULL),('APT-6-26',_binary '','2021-03-09 12:00:00','8a85dfa084cd5b200184cd5be1b4000e',NULL,'8a85dfa084cd5b200184cd5bb83f0005',NULL),('APT-6-27',_binary '','2021-04-05 12:00:00','8a85dfa084cd5b200184cd5be1b4000b',NULL,'8a85dfa084cd5b200184cd5bb83f0005',NULL),('APT-6-28',_binary '','2021-01-02 12:00:00','8a85dfa084cd5b200184cd5be1b4000a',NULL,'8a85dfa084cd5b200184cd5bb83f0005',NULL),('APT-6-29',_binary '','2021-04-03 12:00:00','8a85dfa084cd5b200184cd5be1b4000e',NULL,'8a85dfa084cd5b200184cd5bb83f0005',NULL),('APT-6-30',_binary '','2021-06-03 12:00:00','8a85dfa084cd5b200184cd5be1b4000c',NULL,'8a85dfa084cd5b200184cd5bb83f0005',NULL),('APT-6-31',_binary '','2021-03-10 12:00:00','8a85dfa084cd5b200184cd5be1b4000b',NULL,'8a85dfa084cd5b200184cd5bb83f0005',NULL),('APT-6-32',_binary '','2021-04-01 12:00:00','8a85dfa084cd5b200184cd5be1b4000b',NULL,'8a85dfa084cd5b200184cd5bb83f0005',NULL),('APT-6-33',_binary '','2021-01-11 12:00:00','8a85dfa084cd5b200184cd5be1b4000d',NULL,'8a85dfa084cd5b200184cd5bb83f0005',NULL),('APT-6-34',_binary '','2021-09-12 12:00:00','8a85dfa084cd5b200184cd5be1b4000c',NULL,'8a85dfa084cd5b200184cd5bb83f0005',NULL),('APT-6-35',_binary '','2021-07-02 12:00:00','8a85dfa084cd5b200184cd5be1b4000b',NULL,'8a85dfa084cd5b200184cd5bb83f0005',NULL),('APT-6-36',_binary '','2021-07-08 12:00:00','8a85dfa084cd5b200184cd5be1b4000e',NULL,'8a85dfa084cd5b200184cd5bb83f0005',NULL),('APT-6-37',_binary '','2021-08-11 12:00:00','8a85dfa084cd5b200184cd5be1b4000a',NULL,'8a85dfa084cd5b200184cd5bb83f0005',NULL),('APT-6-38',_binary '','2021-10-09 12:00:00','8a85dfa084cd5b200184cd5be1b4000c',NULL,'8a85dfa084cd5b200184cd5bb83f0005',NULL),('APT-6-39',_binary '','2021-12-07 12:00:00','8a85dfa084cd5b200184cd5be1b4000b',NULL,'8a85dfa084cd5b200184cd5bb83f0005',NULL),('APT-6-40',_binary '','2021-12-01 12:00:00','8a85dfa084cd5b200184cd5be1b4000b',NULL,'8a85dfa084cd5b200184cd5bb83f0005',NULL),('APT-6-41',_binary '','2021-06-10 12:00:00','8a85dfa084cd5b200184cd5be1b4000b',NULL,'8a85dfa084cd5b200184cd5bb83f0005',NULL),('APT-6-42',_binary '','2021-03-05 12:00:00','8a85dfa084cd5b200184cd5be1b4000d',NULL,'8a85dfa084cd5b200184cd5bb83f0005',NULL),('APT-6-43',_binary '','2021-12-02 12:00:00','8a85dfa084cd5b200184cd5be1b4000d',NULL,'8a85dfa084cd5b200184cd5bb83f0005',NULL),('APT-6-44',_binary '','2021-06-03 12:00:00','8a85dfa084cd5b200184cd5be1b4000b',NULL,'8a85dfa084cd5b200184cd5bb83f0005',NULL),('APT-6-45',_binary '','2021-02-03 12:00:00','8a85dfa084cd5b200184cd5be1b4000c',NULL,'8a85dfa084cd5b200184cd5bb83f0005',NULL),('APT-6-46',_binary '','2021-11-09 12:00:00','8a85dfa084cd5b200184cd5be1b4000b',NULL,'8a85dfa084cd5b200184cd5bb83f0005',NULL),('APT-6-47',_binary '','2021-06-10 12:00:00','8a85dfa084cd5b200184cd5be1b4000e',NULL,'8a85dfa084cd5b200184cd5bb83f0005',NULL),('APT-6-48',_binary '','2021-04-07 12:00:00','8a85dfa084cd5b200184cd5be1b4000d',NULL,'8a85dfa084cd5b200184cd5bb83f0005',NULL),('APT-6-49',_binary '','2022-04-05 12:00:00','8a85dfa084cd5b200184cd5be1b4000a',NULL,'8a85dfa084cd5b200184cd5bb83f0005',NULL),('APT-6-50',_binary '','2022-04-11 12:00:00','8a85dfa084cd5b200184cd5be1b4000d',NULL,'8a85dfa084cd5b200184cd5bb83f0005',NULL),('APT-6-51',_binary '','2022-10-11 12:00:00','8a85dfa084cd5b200184cd5be1b4000d',NULL,'8a85dfa084cd5b200184cd5bb83f0005',NULL),('APT-6-52',_binary '','2022-05-04 12:00:00','8a85dfa084cd5b200184cd5be1b4000a',NULL,'8a85dfa084cd5b200184cd5bb83f0005',NULL),('APT-6-53',_binary '','2022-04-10 12:00:00','8a85dfa084cd5b200184cd5be1b4000d',NULL,'8a85dfa084cd5b200184cd5bb83f0005',NULL),('APT-6-54',_binary '','2022-01-12 12:00:00','8a85dfa084cd5b200184cd5be1b4000a',NULL,'8a85dfa084cd5b200184cd5bb83f0005',NULL),('APT-6-55',_binary '','2022-04-03 12:00:00','8a85dfa084cd5b200184cd5be1b4000b',NULL,'8a85dfa084cd5b200184cd5bb83f0005',NULL),('APT-6-56',_binary '','2022-07-04 12:00:00','8a85dfa084cd5b200184cd5be1b4000c',NULL,'8a85dfa084cd5b200184cd5bb83f0005',NULL),('APT-6-57',_binary '','2022-08-06 12:00:00','8a85dfa084cd5b200184cd5be1b4000d',NULL,'8a85dfa084cd5b200184cd5bb83f0005',NULL),('APT-6-58',_binary '','2022-06-12 12:00:00','8a85dfa084cd5b200184cd5be1b4000b',NULL,'8a85dfa084cd5b200184cd5bb83f0005',NULL),('APT-6-59',_binary '','2022-01-05 12:00:00','8a85dfa084cd5b200184cd5be1b4000b',NULL,'8a85dfa084cd5b200184cd5bb83f0005',NULL),('APT-6-60',_binary '','2022-09-06 12:00:00','8a85dfa084cd5b200184cd5be1b4000c',NULL,'8a85dfa084cd5b200184cd5bb83f0005',NULL),('APT-6-61',_binary '','2022-11-07 12:00:00','8a85dfa084cd5b200184cd5be1b4000e',NULL,'8a85dfa084cd5b200184cd5bb83f0005',NULL),('APT-6-62',_binary '','2022-04-12 12:00:00','8a85dfa084cd5b200184cd5be1b4000c',NULL,'8a85dfa084cd5b200184cd5bb83f0005',NULL),('APT-6-63',_binary '','2022-06-03 12:00:00','8a85dfa084cd5b200184cd5be1b4000c',NULL,'8a85dfa084cd5b200184cd5bb83f0005',NULL),('APT-6-64',_binary '','2022-03-10 12:00:00','8a85dfa084cd5b200184cd5be1b4000b',NULL,'8a85dfa084cd5b200184cd5bb83f0005',NULL),('APT-6-65',_binary '','2022-10-03 12:00:00','8a85dfa084cd5b200184cd5be1b4000a',NULL,'8a85dfa084cd5b200184cd5bb83f0005',NULL),('APT-6-66',_binary '','2022-12-02 12:00:00','8a85dfa084cd5b200184cd5be1b4000e',NULL,'8a85dfa084cd5b200184cd5bb83f0005',NULL),('APT-6-67',_binary '','2022-09-01 12:00:00','8a85dfa084cd5b200184cd5be1b4000c',NULL,'8a85dfa084cd5b200184cd5bb83f0005',NULL),('APT-6-68',_binary '','2022-06-03 12:00:00','8a85dfa084cd5b200184cd5be1b4000c',NULL,'8a85dfa084cd5b200184cd5bb83f0005',NULL),('APT-6-69',_binary '','2022-10-07 12:00:00','8a85dfa084cd5b200184cd5be1b4000a',NULL,'8a85dfa084cd5b200184cd5bb83f0005',NULL),('APT-6-70',_binary '','2022-02-09 12:00:00','8a85dfa084cd5b200184cd5be1b4000c',NULL,'8a85dfa084cd5b200184cd5bb83f0005',NULL),('APT-6-71',_binary '','2022-12-01 12:00:00','8a85dfa084cd5b200184cd5be1b4000e',NULL,'8a85dfa084cd5b200184cd5bb83f0005',NULL),('APT-6-72',_binary '','2022-05-01 12:00:00','8a85dfa084cd5b200184cd5be1b4000c',NULL,'8a85dfa084cd5b200184cd5bb83f0005',NULL),('APT-7-01',_binary '','2022-01-16 12:00:00','8a85dfa084cd5b200184cd5be1b4000b',NULL,'8a85dfa084cd5b200184cd5bb83f0006',NULL),('APT-7-02',_binary '','2022-02-09 12:00:00','8a85dfa084cd5b200184cd5be1b4000b',NULL,'8a85dfa084cd5b200184cd5bb83f0006',NULL),('APT-7-03',_binary '','2022-03-20 12:00:00','8a85dfa084cd5b200184cd5be1b4000b',NULL,'8a85dfa084cd5b200184cd5bb83f0006',NULL),('APT-7-04',_binary '','2022-04-03 12:00:00','8a85dfa084cd5b200184cd5be1b4000b',NULL,'8a85dfa084cd5b200184cd5bb83f0006',NULL),('APT-7-05',_binary '','2022-05-06 12:00:00','8a85dfa084cd5b200184cd5be1b4000b',NULL,'8a85dfa084cd5b200184cd5bb83f0006',NULL),('APT-7-06',_binary '','2022-06-05 12:00:00','8a85dfa084cd5b200184cd5be1b4000b',NULL,'8a85dfa084cd5b200184cd5bb83f0006',NULL),('APT-7-07',_binary '','2022-07-26 12:00:00','8a85dfa084cd5b200184cd5be1b4000b',NULL,'8a85dfa084cd5b200184cd5bb83f0006',NULL),('APT-7-08',_binary '','2022-08-18 12:00:00','8a85dfa084cd5b200184cd5be1b4000b',NULL,'8a85dfa084cd5b200184cd5bb83f0006',NULL),('APT-7-09',_binary '','2022-09-13 12:00:00','8a85dfa084cd5b200184cd5be1b4000b',NULL,'8a85dfa084cd5b200184cd5bb83f0006',NULL),('APT-7-10',_binary '','2022-10-22 12:00:00','8a85dfa084cd5b200184cd5be1b4000b',NULL,'8a85dfa084cd5b200184cd5bb83f0006',NULL),('APT-7-11',_binary '','2022-11-04 12:00:00','8a85dfa084cd5b200184cd5be1b4000b',NULL,'8a85dfa084cd5b200184cd5bb83f0006',NULL),('APT-7-12',_binary '','2022-12-27 12:00:00','8a85dfa084cd5b200184cd5be1b4000b',NULL,'8a85dfa084cd5b200184cd5bb83f0006',NULL),('APT-7-13',_binary '','2021-01-09 12:00:00','8a85dfa084cd5b200184cd5be1b4000b',NULL,'8a85dfa084cd5b200184cd5bb83f0006',NULL),('APT-7-14',_binary '','2021-02-26 12:00:00','8a85dfa084cd5b200184cd5be1b4000b',NULL,'8a85dfa084cd5b200184cd5bb83f0006',NULL),('APT-7-15',_binary '','2021-03-25 12:00:00','8a85dfa084cd5b200184cd5be1b4000b',NULL,'8a85dfa084cd5b200184cd5bb83f0006',NULL),('APT-7-16',_binary '','2021-04-01 12:00:00','8a85dfa084cd5b200184cd5be1b4000b',NULL,'8a85dfa084cd5b200184cd5bb83f0006',NULL),('APT-7-17',_binary '','2021-05-10 12:00:00','8a85dfa084cd5b200184cd5be1b4000b',NULL,'8a85dfa084cd5b200184cd5bb83f0006',NULL),('APT-7-18',_binary '','2021-06-10 12:00:00','8a85dfa084cd5b200184cd5be1b4000b',NULL,'8a85dfa084cd5b200184cd5bb83f0006',NULL),('APT-7-19',_binary '','2021-07-09 12:00:00','8a85dfa084cd5b200184cd5be1b4000b',NULL,'8a85dfa084cd5b200184cd5bb83f0006',NULL),('APT-7-20',_binary '','2021-08-20 12:00:00','8a85dfa084cd5b200184cd5be1b4000b',NULL,'8a85dfa084cd5b200184cd5bb83f0006',NULL),('APT-7-21',_binary '','2021-09-19 12:00:00','8a85dfa084cd5b200184cd5be1b4000b',NULL,'8a85dfa084cd5b200184cd5bb83f0006',NULL),('APT-7-22',_binary '','2021-10-06 12:00:00','8a85dfa084cd5b200184cd5be1b4000b',NULL,'8a85dfa084cd5b200184cd5bb83f0006',NULL),('APT-7-23',_binary '','2021-11-01 12:00:00','8a85dfa084cd5b200184cd5be1b4000b',NULL,'8a85dfa084cd5b200184cd5bb83f0006',NULL),('APT-7-24',_binary '','2021-12-17 12:00:00','8a85dfa084cd5b200184cd5be1b4000b',NULL,'8a85dfa084cd5b200184cd5bb83f0006',NULL),('APT-7-25',_binary '','2021-06-08 12:00:00','8a85dfa084cd5b200184cd5be1b4000b',NULL,'8a85dfa084cd5b200184cd5bb83f0006',NULL),('APT-7-26',_binary '','2021-09-12 12:00:00','8a85dfa084cd5b200184cd5be1b4000c',NULL,'8a85dfa084cd5b200184cd5bb83f0006',NULL),('APT-7-27',_binary '','2021-08-08 12:00:00','8a85dfa084cd5b200184cd5be1b4000d',NULL,'8a85dfa084cd5b200184cd5bb83f0006',NULL),('APT-7-28',_binary '','2021-08-01 12:00:00','8a85dfa084cd5b200184cd5be1b4000a',NULL,'8a85dfa084cd5b200184cd5bb83f0006',NULL),('APT-7-29',_binary '','2021-02-12 12:00:00','8a85dfa084cd5b200184cd5be1b4000d',NULL,'8a85dfa084cd5b200184cd5bb83f0006',NULL),('APT-7-30',_binary '','2021-06-01 12:00:00','8a85dfa084cd5b200184cd5be1b4000d',NULL,'8a85dfa084cd5b200184cd5bb83f0006',NULL),('APT-7-31',_binary '','2021-06-02 12:00:00','8a85dfa084cd5b200184cd5be1b4000e',NULL,'8a85dfa084cd5b200184cd5bb83f0006',NULL),('APT-7-32',_binary '','2021-03-01 12:00:00','8a85dfa084cd5b200184cd5be1b4000a',NULL,'8a85dfa084cd5b200184cd5bb83f0006',NULL),('APT-7-33',_binary '','2021-02-12 12:00:00','8a85dfa084cd5b200184cd5be1b4000b',NULL,'8a85dfa084cd5b200184cd5bb83f0006',NULL),('APT-7-34',_binary '','2021-11-09 12:00:00','8a85dfa084cd5b200184cd5be1b4000b',NULL,'8a85dfa084cd5b200184cd5bb83f0006',NULL),('APT-7-35',_binary '','2021-09-04 12:00:00','8a85dfa084cd5b200184cd5be1b4000d',NULL,'8a85dfa084cd5b200184cd5bb83f0006',NULL),('APT-7-36',_binary '','2021-08-05 12:00:00','8a85dfa084cd5b200184cd5be1b4000c',NULL,'8a85dfa084cd5b200184cd5bb83f0006',NULL),('APT-7-37',_binary '','2021-05-01 12:00:00','8a85dfa084cd5b200184cd5be1b4000b',NULL,'8a85dfa084cd5b200184cd5bb83f0006',NULL),('APT-7-38',_binary '','2021-06-10 12:00:00','8a85dfa084cd5b200184cd5be1b4000c',NULL,'8a85dfa084cd5b200184cd5bb83f0006',NULL),('APT-7-39',_binary '','2021-04-06 12:00:00','8a85dfa084cd5b200184cd5be1b4000d',NULL,'8a85dfa084cd5b200184cd5bb83f0006',NULL),('APT-7-40',_binary '','2021-09-08 12:00:00','8a85dfa084cd5b200184cd5be1b4000c',NULL,'8a85dfa084cd5b200184cd5bb83f0006',NULL),('APT-7-41',_binary '','2021-12-05 12:00:00','8a85dfa084cd5b200184cd5be1b4000c',NULL,'8a85dfa084cd5b200184cd5bb83f0006',NULL),('APT-7-42',_binary '','2021-09-08 12:00:00','8a85dfa084cd5b200184cd5be1b4000a',NULL,'8a85dfa084cd5b200184cd5bb83f0006',NULL),('APT-7-43',_binary '','2021-06-04 12:00:00','8a85dfa084cd5b200184cd5be1b4000b',NULL,'8a85dfa084cd5b200184cd5bb83f0006',NULL),('APT-7-44',_binary '','2021-08-04 12:00:00','8a85dfa084cd5b200184cd5be1b4000e',NULL,'8a85dfa084cd5b200184cd5bb83f0006',NULL),('APT-7-45',_binary '','2021-06-06 12:00:00','8a85dfa084cd5b200184cd5be1b4000b',NULL,'8a85dfa084cd5b200184cd5bb83f0006',NULL),('APT-7-46',_binary '','2021-04-11 12:00:00','8a85dfa084cd5b200184cd5be1b4000c',NULL,'8a85dfa084cd5b200184cd5bb83f0006',NULL),('APT-7-47',_binary '','2021-09-02 12:00:00','8a85dfa084cd5b200184cd5be1b4000d',NULL,'8a85dfa084cd5b200184cd5bb83f0006',NULL),('APT-7-48',_binary '','2021-06-12 12:00:00','8a85dfa084cd5b200184cd5be1b4000c',NULL,'8a85dfa084cd5b200184cd5bb83f0006',NULL),('APT-7-49',_binary '','2022-02-09 12:00:00','8a85dfa084cd5b200184cd5be1b4000d',NULL,'8a85dfa084cd5b200184cd5bb83f0006',NULL),('APT-7-50',_binary '','2022-09-12 12:00:00','8a85dfa084cd5b200184cd5be1b4000a',NULL,'8a85dfa084cd5b200184cd5bb83f0006',NULL),('APT-7-51',_binary '','2022-11-09 12:00:00','8a85dfa084cd5b200184cd5be1b4000b',NULL,'8a85dfa084cd5b200184cd5bb83f0006',NULL),('APT-7-52',_binary '','2022-01-05 12:00:00','8a85dfa084cd5b200184cd5be1b4000b',NULL,'8a85dfa084cd5b200184cd5bb83f0006',NULL),('APT-7-53',_binary '','2022-11-08 12:00:00','8a85dfa084cd5b200184cd5be1b4000b',NULL,'8a85dfa084cd5b200184cd5bb83f0006',NULL),('APT-7-54',_binary '','2022-04-10 12:00:00','8a85dfa084cd5b200184cd5be1b4000e',NULL,'8a85dfa084cd5b200184cd5bb83f0006',NULL),('APT-7-55',_binary '','2022-08-10 12:00:00','8a85dfa084cd5b200184cd5be1b4000c',NULL,'8a85dfa084cd5b200184cd5bb83f0006',NULL),('APT-7-56',_binary '','2022-06-02 12:00:00','8a85dfa084cd5b200184cd5be1b4000e',NULL,'8a85dfa084cd5b200184cd5bb83f0006',NULL),('APT-7-57',_binary '','2022-10-08 12:00:00','8a85dfa084cd5b200184cd5be1b4000d',NULL,'8a85dfa084cd5b200184cd5bb83f0006',NULL),('APT-7-58',_binary '','2022-04-05 12:00:00','8a85dfa084cd5b200184cd5be1b4000a',NULL,'8a85dfa084cd5b200184cd5bb83f0006',NULL),('APT-7-59',_binary '','2022-05-02 12:00:00','8a85dfa084cd5b200184cd5be1b4000a',NULL,'8a85dfa084cd5b200184cd5bb83f0006',NULL),('APT-7-60',_binary '','2022-11-10 12:00:00','8a85dfa084cd5b200184cd5be1b4000c',NULL,'8a85dfa084cd5b200184cd5bb83f0006',NULL),('APT-7-61',_binary '','2022-01-05 12:00:00','8a85dfa084cd5b200184cd5be1b4000d',NULL,'8a85dfa084cd5b200184cd5bb83f0006',NULL),('APT-7-62',_binary '','2022-07-11 12:00:00','8a85dfa084cd5b200184cd5be1b4000e',NULL,'8a85dfa084cd5b200184cd5bb83f0006',NULL),('APT-7-63',_binary '','2022-04-12 12:00:00','8a85dfa084cd5b200184cd5be1b4000c',NULL,'8a85dfa084cd5b200184cd5bb83f0006',NULL),('APT-7-64',_binary '','2022-12-03 12:00:00','8a85dfa084cd5b200184cd5be1b4000e',NULL,'8a85dfa084cd5b200184cd5bb83f0006',NULL),('APT-7-65',_binary '','2022-01-07 12:00:00','8a85dfa084cd5b200184cd5be1b4000d',NULL,'8a85dfa084cd5b200184cd5bb83f0006',NULL),('APT-7-66',_binary '','2022-11-05 12:00:00','8a85dfa084cd5b200184cd5be1b4000c',NULL,'8a85dfa084cd5b200184cd5bb83f0006',NULL),('APT-7-67',_binary '','2022-11-07 12:00:00','8a85dfa084cd5b200184cd5be1b4000c',NULL,'8a85dfa084cd5b200184cd5bb83f0006',NULL),('APT-7-68',_binary '','2022-03-07 12:00:00','8a85dfa084cd5b200184cd5be1b4000b',NULL,'8a85dfa084cd5b200184cd5bb83f0006',NULL),('APT-7-69',_binary '','2022-03-09 12:00:00','8a85dfa084cd5b200184cd5be1b4000b',NULL,'8a85dfa084cd5b200184cd5bb83f0006',NULL),('APT-7-70',_binary '','2022-08-01 12:00:00','8a85dfa084cd5b200184cd5be1b4000c',NULL,'8a85dfa084cd5b200184cd5bb83f0006',NULL),('APT-7-71',_binary '','2022-08-12 12:00:00','8a85dfa084cd5b200184cd5be1b4000e',NULL,'8a85dfa084cd5b200184cd5bb83f0006',NULL),('APT-7-72',_binary '','2022-08-03 12:00:00','8a85dfa084cd5b200184cd5be1b4000b',NULL,'8a85dfa084cd5b200184cd5bb83f0006',NULL),('APT-8-01',_binary '','2022-01-23 12:00:00','8a85dfa084cd5b200184cd5be1b4000c',NULL,'8a85dfa084cd5b200184cd5bb83f0007',NULL),('APT-8-02',_binary '','2022-02-15 12:00:00','8a85dfa084cd5b200184cd5be1b4000c',NULL,'8a85dfa084cd5b200184cd5bb83f0007',NULL),('APT-8-03',_binary '','2022-03-21 12:00:00','8a85dfa084cd5b200184cd5be1b4000c',NULL,'8a85dfa084cd5b200184cd5bb83f0007',NULL),('APT-8-04',_binary '','2022-04-27 12:00:00','8a85dfa084cd5b200184cd5be1b4000c',NULL,'8a85dfa084cd5b200184cd5bb83f0007',NULL),('APT-8-05',_binary '','2022-05-12 12:00:00','8a85dfa084cd5b200184cd5be1b4000c',NULL,'8a85dfa084cd5b200184cd5bb83f0007',NULL),('APT-8-06',_binary '','2022-06-04 12:00:00','8a85dfa084cd5b200184cd5be1b4000c',NULL,'8a85dfa084cd5b200184cd5bb83f0007',NULL),('APT-8-07',_binary '','2022-07-16 12:00:00','8a85dfa084cd5b200184cd5be1b4000c',NULL,'8a85dfa084cd5b200184cd5bb83f0007',NULL),('APT-8-08',_binary '','2022-08-09 12:00:00','8a85dfa084cd5b200184cd5be1b4000c',NULL,'8a85dfa084cd5b200184cd5bb83f0007',NULL),('APT-8-09',_binary '','2022-09-04 12:00:00','8a85dfa084cd5b200184cd5be1b4000c',NULL,'8a85dfa084cd5b200184cd5bb83f0007',NULL),('APT-8-10',_binary '','2022-10-20 12:00:00','8a85dfa084cd5b200184cd5be1b4000c',NULL,'8a85dfa084cd5b200184cd5bb83f0007',NULL),('APT-8-11',_binary '','2022-11-15 12:00:00','8a85dfa084cd5b200184cd5be1b4000c',NULL,'8a85dfa084cd5b200184cd5bb83f0007',NULL),('APT-8-12',_binary '','2022-12-26 12:00:00','8a85dfa084cd5b200184cd5be1b4000c',NULL,'8a85dfa084cd5b200184cd5bb83f0007',NULL),('APT-8-13',_binary '','2021-01-06 12:00:00','8a85dfa084cd5b200184cd5be1b4000c',NULL,'8a85dfa084cd5b200184cd5bb83f0007',NULL),('APT-8-14',_binary '','2021-02-17 12:00:00','8a85dfa084cd5b200184cd5be1b4000c',NULL,'8a85dfa084cd5b200184cd5bb83f0007',NULL),('APT-8-15',_binary '','2021-03-16 12:00:00','8a85dfa084cd5b200184cd5be1b4000c',NULL,'8a85dfa084cd5b200184cd5bb83f0007',NULL),('APT-8-16',_binary '','2021-04-22 12:00:00','8a85dfa084cd5b200184cd5be1b4000c',NULL,'8a85dfa084cd5b200184cd5bb83f0007',NULL),('APT-8-17',_binary '','2021-05-04 12:00:00','8a85dfa084cd5b200184cd5be1b4000c',NULL,'8a85dfa084cd5b200184cd5bb83f0007',NULL),('APT-8-18',_binary '','2021-06-27 12:00:00','8a85dfa084cd5b200184cd5be1b4000c',NULL,'8a85dfa084cd5b200184cd5bb83f0007',NULL),('APT-8-19',_binary '','2021-07-22 12:00:00','8a85dfa084cd5b200184cd5be1b4000c',NULL,'8a85dfa084cd5b200184cd5bb83f0007',NULL),('APT-8-20',_binary '','2021-08-26 12:00:00','8a85dfa084cd5b200184cd5be1b4000c',NULL,'8a85dfa084cd5b200184cd5bb83f0007',NULL),('APT-8-21',_binary '','2021-09-01 12:00:00','8a85dfa084cd5b200184cd5be1b4000c',NULL,'8a85dfa084cd5b200184cd5bb83f0007',NULL),('APT-8-22',_binary '','2021-10-24 12:00:00','8a85dfa084cd5b200184cd5be1b4000c',NULL,'8a85dfa084cd5b200184cd5bb83f0007',NULL),('APT-8-23',_binary '','2021-11-13 12:00:00','8a85dfa084cd5b200184cd5be1b4000c',NULL,'8a85dfa084cd5b200184cd5bb83f0007',NULL),('APT-8-24',_binary '','2021-12-26 12:00:00','8a85dfa084cd5b200184cd5be1b4000c',NULL,'8a85dfa084cd5b200184cd5bb83f0007',NULL),('APT-8-25',_binary '','2021-08-10 12:00:00','8a85dfa084cd5b200184cd5be1b4000b',NULL,'8a85dfa084cd5b200184cd5bb83f0007',NULL),('APT-8-26',_binary '','2021-11-10 12:00:00','8a85dfa084cd5b200184cd5be1b4000d',NULL,'8a85dfa084cd5b200184cd5bb83f0007',NULL),('APT-8-27',_binary '','2021-01-03 12:00:00','8a85dfa084cd5b200184cd5be1b4000e',NULL,'8a85dfa084cd5b200184cd5bb83f0007',NULL),('APT-8-28',_binary '','2021-04-10 12:00:00','8a85dfa084cd5b200184cd5be1b4000d',NULL,'8a85dfa084cd5b200184cd5bb83f0007',NULL),('APT-8-29',_binary '','2021-12-05 12:00:00','8a85dfa084cd5b200184cd5be1b4000e',NULL,'8a85dfa084cd5b200184cd5bb83f0007',NULL),('APT-8-30',_binary '','2021-12-05 12:00:00','8a85dfa084cd5b200184cd5be1b4000c',NULL,'8a85dfa084cd5b200184cd5bb83f0007',NULL),('APT-8-31',_binary '','2021-10-01 12:00:00','8a85dfa084cd5b200184cd5be1b4000e',NULL,'8a85dfa084cd5b200184cd5bb83f0007',NULL),('APT-8-32',_binary '','2021-05-10 12:00:00','8a85dfa084cd5b200184cd5be1b4000c',NULL,'8a85dfa084cd5b200184cd5bb83f0007',NULL),('APT-8-33',_binary '','2021-06-11 12:00:00','8a85dfa084cd5b200184cd5be1b4000a',NULL,'8a85dfa084cd5b200184cd5bb83f0007',NULL),('APT-8-34',_binary '','2021-06-03 12:00:00','8a85dfa084cd5b200184cd5be1b4000c',NULL,'8a85dfa084cd5b200184cd5bb83f0007',NULL),('APT-8-35',_binary '','2021-06-10 12:00:00','8a85dfa084cd5b200184cd5be1b4000c',NULL,'8a85dfa084cd5b200184cd5bb83f0007',NULL),('APT-8-36',_binary '','2021-12-02 12:00:00','8a85dfa084cd5b200184cd5be1b4000e',NULL,'8a85dfa084cd5b200184cd5bb83f0007',NULL),('APT-8-37',_binary '','2021-07-06 12:00:00','8a85dfa084cd5b200184cd5be1b4000d',NULL,'8a85dfa084cd5b200184cd5bb83f0007',NULL),('APT-8-38',_binary '','2021-02-04 12:00:00','8a85dfa084cd5b200184cd5be1b4000c',NULL,'8a85dfa084cd5b200184cd5bb83f0007',NULL),('APT-8-39',_binary '','2021-01-07 12:00:00','8a85dfa084cd5b200184cd5be1b4000d',NULL,'8a85dfa084cd5b200184cd5bb83f0007',NULL),('APT-8-40',_binary '','2021-02-06 12:00:00','8a85dfa084cd5b200184cd5be1b4000b',NULL,'8a85dfa084cd5b200184cd5bb83f0007',NULL),('APT-8-41',_binary '','2021-04-02 12:00:00','8a85dfa084cd5b200184cd5be1b4000b',NULL,'8a85dfa084cd5b200184cd5bb83f0007',NULL),('APT-8-42',_binary '','2021-06-11 12:00:00','8a85dfa084cd5b200184cd5be1b4000a',NULL,'8a85dfa084cd5b200184cd5bb83f0007',NULL),('APT-8-43',_binary '','2021-08-12 12:00:00','8a85dfa084cd5b200184cd5be1b4000d',NULL,'8a85dfa084cd5b200184cd5bb83f0007',NULL),('APT-8-44',_binary '','2021-12-11 12:00:00','8a85dfa084cd5b200184cd5be1b4000e',NULL,'8a85dfa084cd5b200184cd5bb83f0007',NULL),('APT-8-45',_binary '','2021-09-03 12:00:00','8a85dfa084cd5b200184cd5be1b4000a',NULL,'8a85dfa084cd5b200184cd5bb83f0007',NULL),('APT-8-46',_binary '','2021-12-02 12:00:00','8a85dfa084cd5b200184cd5be1b4000b',NULL,'8a85dfa084cd5b200184cd5bb83f0007',NULL),('APT-8-47',_binary '','2021-10-04 12:00:00','8a85dfa084cd5b200184cd5be1b4000a',NULL,'8a85dfa084cd5b200184cd5bb83f0007',NULL),('APT-8-48',_binary '','2021-07-11 12:00:00','8a85dfa084cd5b200184cd5be1b4000e',NULL,'8a85dfa084cd5b200184cd5bb83f0007',NULL),('APT-8-49',_binary '','2022-04-06 12:00:00','8a85dfa084cd5b200184cd5be1b4000a',NULL,'8a85dfa084cd5b200184cd5bb83f0007',NULL),('APT-8-50',_binary '','2022-02-10 12:00:00','8a85dfa084cd5b200184cd5be1b4000b',NULL,'8a85dfa084cd5b200184cd5bb83f0007',NULL),('APT-8-51',_binary '','2022-06-08 12:00:00','8a85dfa084cd5b200184cd5be1b4000c',NULL,'8a85dfa084cd5b200184cd5bb83f0007',NULL),('APT-8-52',_binary '','2022-04-02 12:00:00','8a85dfa084cd5b200184cd5be1b4000c',NULL,'8a85dfa084cd5b200184cd5bb83f0007',NULL),('APT-8-53',_binary '','2022-01-08 12:00:00','8a85dfa084cd5b200184cd5be1b4000a',NULL,'8a85dfa084cd5b200184cd5bb83f0007',NULL),('APT-8-54',_binary '','2022-04-11 12:00:00','8a85dfa084cd5b200184cd5be1b4000e',NULL,'8a85dfa084cd5b200184cd5bb83f0007',NULL),('APT-8-55',_binary '','2022-11-08 12:00:00','8a85dfa084cd5b200184cd5be1b4000d',NULL,'8a85dfa084cd5b200184cd5bb83f0007',NULL),('APT-8-56',_binary '','2022-08-11 12:00:00','8a85dfa084cd5b200184cd5be1b4000d',NULL,'8a85dfa084cd5b200184cd5bb83f0007',NULL),('APT-8-57',_binary '','2022-11-04 12:00:00','8a85dfa084cd5b200184cd5be1b4000c',NULL,'8a85dfa084cd5b200184cd5bb83f0007',NULL),('APT-8-58',_binary '','2022-01-03 12:00:00','8a85dfa084cd5b200184cd5be1b4000c',NULL,'8a85dfa084cd5b200184cd5bb83f0007',NULL),('APT-8-59',_binary '','2022-09-03 12:00:00','8a85dfa084cd5b200184cd5be1b4000c',NULL,'8a85dfa084cd5b200184cd5bb83f0007',NULL),('APT-8-60',_binary '','2022-05-11 12:00:00','8a85dfa084cd5b200184cd5be1b4000e',NULL,'8a85dfa084cd5b200184cd5bb83f0007',NULL),('APT-8-61',_binary '','2022-10-09 12:00:00','8a85dfa084cd5b200184cd5be1b4000b',NULL,'8a85dfa084cd5b200184cd5bb83f0007',NULL),('APT-8-62',_binary '','2022-02-09 12:00:00','8a85dfa084cd5b200184cd5be1b4000e',NULL,'8a85dfa084cd5b200184cd5bb83f0007',NULL),('APT-8-63',_binary '','2022-06-04 12:00:00','8a85dfa084cd5b200184cd5be1b4000d',NULL,'8a85dfa084cd5b200184cd5bb83f0007',NULL),('APT-8-64',_binary '','2022-03-07 12:00:00','8a85dfa084cd5b200184cd5be1b4000a',NULL,'8a85dfa084cd5b200184cd5bb83f0007',NULL),('APT-8-65',_binary '','2022-09-07 12:00:00','8a85dfa084cd5b200184cd5be1b4000d',NULL,'8a85dfa084cd5b200184cd5bb83f0007',NULL),('APT-8-66',_binary '','2022-04-03 12:00:00','8a85dfa084cd5b200184cd5be1b4000e',NULL,'8a85dfa084cd5b200184cd5bb83f0007',NULL),('APT-8-67',_binary '','2022-07-02 12:00:00','8a85dfa084cd5b200184cd5be1b4000d',NULL,'8a85dfa084cd5b200184cd5bb83f0007',NULL),('APT-8-68',_binary '','2022-03-05 12:00:00','8a85dfa084cd5b200184cd5be1b4000e',NULL,'8a85dfa084cd5b200184cd5bb83f0007',NULL),('APT-8-69',_binary '','2022-01-12 12:00:00','8a85dfa084cd5b200184cd5be1b4000a',NULL,'8a85dfa084cd5b200184cd5bb83f0007',NULL),('APT-8-70',_binary '','2022-10-11 12:00:00','8a85dfa084cd5b200184cd5be1b4000e',NULL,'8a85dfa084cd5b200184cd5bb83f0007',NULL),('APT-8-71',_binary '','2022-07-06 12:00:00','8a85dfa084cd5b200184cd5be1b4000d',NULL,'8a85dfa084cd5b200184cd5bb83f0007',NULL),('APT-8-72',_binary '','2022-01-03 12:00:00','8a85dfa084cd5b200184cd5be1b4000a',NULL,'8a85dfa084cd5b200184cd5bb83f0007',NULL),('APT-9-01',_binary '','2022-01-12 12:00:00','8a85dfa084cd5b200184cd5be1b4000d',NULL,'8a85dfa084cd5b200184cd5bb8400008',NULL),('APT-9-02',_binary '','2022-02-06 12:00:00','8a85dfa084cd5b200184cd5be1b4000d',NULL,'8a85dfa084cd5b200184cd5bb8400008',NULL),('APT-9-03',_binary '','2022-03-14 12:00:00','8a85dfa084cd5b200184cd5be1b4000d',NULL,'8a85dfa084cd5b200184cd5bb8400008',NULL),('APT-9-04',_binary '','2022-04-04 12:00:00','8a85dfa084cd5b200184cd5be1b4000d',NULL,'8a85dfa084cd5b200184cd5bb8400008',NULL),('APT-9-05',_binary '','2022-05-09 12:00:00','8a85dfa084cd5b200184cd5be1b4000d',NULL,'8a85dfa084cd5b200184cd5bb8400008',NULL),('APT-9-06',_binary '','2022-06-16 12:00:00','8a85dfa084cd5b200184cd5be1b4000d',NULL,'8a85dfa084cd5b200184cd5bb8400008',NULL),('APT-9-07',_binary '','2022-07-01 12:00:00','8a85dfa084cd5b200184cd5be1b4000d',NULL,'8a85dfa084cd5b200184cd5bb8400008',NULL),('APT-9-08',_binary '','2022-08-26 12:00:00','8a85dfa084cd5b200184cd5be1b4000d',NULL,'8a85dfa084cd5b200184cd5bb8400008',NULL),('APT-9-09',_binary '','2022-09-24 12:00:00','8a85dfa084cd5b200184cd5be1b4000d',NULL,'8a85dfa084cd5b200184cd5bb8400008',NULL),('APT-9-10',_binary '','2022-10-01 12:00:00','8a85dfa084cd5b200184cd5be1b4000d',NULL,'8a85dfa084cd5b200184cd5bb8400008',NULL),('APT-9-11',_binary '','2022-11-07 12:00:00','8a85dfa084cd5b200184cd5be1b4000d',NULL,'8a85dfa084cd5b200184cd5bb8400008',NULL),('APT-9-12',_binary '','2022-12-22 12:00:00','8a85dfa084cd5b200184cd5be1b4000d',NULL,'8a85dfa084cd5b200184cd5bb8400008',NULL),('APT-9-13',_binary '','2021-01-26 12:00:00','8a85dfa084cd5b200184cd5be1b4000d',NULL,'8a85dfa084cd5b200184cd5bb8400008',NULL),('APT-9-14',_binary '','2021-02-05 12:00:00','8a85dfa084cd5b200184cd5be1b4000d',NULL,'8a85dfa084cd5b200184cd5bb8400008',NULL),('APT-9-15',_binary '','2021-03-19 12:00:00','8a85dfa084cd5b200184cd5be1b4000d',NULL,'8a85dfa084cd5b200184cd5bb8400008',NULL),('APT-9-16',_binary '','2021-04-24 12:00:00','8a85dfa084cd5b200184cd5be1b4000d',NULL,'8a85dfa084cd5b200184cd5bb8400008',NULL),('APT-9-17',_binary '','2021-05-09 12:00:00','8a85dfa084cd5b200184cd5be1b4000d',NULL,'8a85dfa084cd5b200184cd5bb8400008',NULL),('APT-9-18',_binary '','2021-06-07 12:00:00','8a85dfa084cd5b200184cd5be1b4000d',NULL,'8a85dfa084cd5b200184cd5bb8400008',NULL),('APT-9-19',_binary '','2021-07-26 12:00:00','8a85dfa084cd5b200184cd5be1b4000d',NULL,'8a85dfa084cd5b200184cd5bb8400008',NULL),('APT-9-20',_binary '','2021-08-17 12:00:00','8a85dfa084cd5b200184cd5be1b4000d',NULL,'8a85dfa084cd5b200184cd5bb8400008',NULL),('APT-9-21',_binary '','2021-09-16 12:00:00','8a85dfa084cd5b200184cd5be1b4000d',NULL,'8a85dfa084cd5b200184cd5bb8400008',NULL),('APT-9-22',_binary '','2021-10-09 12:00:00','8a85dfa084cd5b200184cd5be1b4000d',NULL,'8a85dfa084cd5b200184cd5bb8400008',NULL),('APT-9-23',_binary '','2021-11-28 12:00:00','8a85dfa084cd5b200184cd5be1b4000d',NULL,'8a85dfa084cd5b200184cd5bb8400008',NULL),('APT-9-24',_binary '','2021-12-14 12:00:00','8a85dfa084cd5b200184cd5be1b4000d',NULL,'8a85dfa084cd5b200184cd5bb8400008',NULL),('APT-9-25',_binary '','2021-04-09 12:00:00','8a85dfa084cd5b200184cd5be1b4000c',NULL,'8a85dfa084cd5b200184cd5bb8400008',NULL),('APT-9-26',_binary '','2021-03-01 12:00:00','8a85dfa084cd5b200184cd5be1b4000e',NULL,'8a85dfa084cd5b200184cd5bb8400008',NULL),('APT-9-27',_binary '','2021-09-05 12:00:00','8a85dfa084cd5b200184cd5be1b4000a',NULL,'8a85dfa084cd5b200184cd5bb8400008',NULL),('APT-9-28',_binary '','2021-10-07 12:00:00','8a85dfa084cd5b200184cd5be1b4000d',NULL,'8a85dfa084cd5b200184cd5bb8400008',NULL),('APT-9-29',_binary '','2021-06-03 12:00:00','8a85dfa084cd5b200184cd5be1b4000b',NULL,'8a85dfa084cd5b200184cd5bb8400008',NULL),('APT-9-30',_binary '','2021-01-12 12:00:00','8a85dfa084cd5b200184cd5be1b4000c',NULL,'8a85dfa084cd5b200184cd5bb8400008',NULL),('APT-9-31',_binary '','2021-09-07 12:00:00','8a85dfa084cd5b200184cd5be1b4000c',NULL,'8a85dfa084cd5b200184cd5bb8400008',NULL),('APT-9-32',_binary '','2021-07-06 12:00:00','8a85dfa084cd5b200184cd5be1b4000e',NULL,'8a85dfa084cd5b200184cd5bb8400008',NULL),('APT-9-33',_binary '','2021-10-12 12:00:00','8a85dfa084cd5b200184cd5be1b4000d',NULL,'8a85dfa084cd5b200184cd5bb8400008',NULL),('APT-9-34',_binary '','2021-10-10 12:00:00','8a85dfa084cd5b200184cd5be1b4000d',NULL,'8a85dfa084cd5b200184cd5bb8400008',NULL),('APT-9-35',_binary '','2021-03-05 12:00:00','8a85dfa084cd5b200184cd5be1b4000e',NULL,'8a85dfa084cd5b200184cd5bb8400008',NULL),('APT-9-36',_binary '','2021-06-11 12:00:00','8a85dfa084cd5b200184cd5be1b4000a',NULL,'8a85dfa084cd5b200184cd5bb8400008',NULL),('APT-9-37',_binary '','2021-03-09 12:00:00','8a85dfa084cd5b200184cd5be1b4000b',NULL,'8a85dfa084cd5b200184cd5bb8400008',NULL),('APT-9-38',_binary '','2021-02-01 12:00:00','8a85dfa084cd5b200184cd5be1b4000c',NULL,'8a85dfa084cd5b200184cd5bb8400008',NULL),('APT-9-39',_binary '','2021-05-07 12:00:00','8a85dfa084cd5b200184cd5be1b4000b',NULL,'8a85dfa084cd5b200184cd5bb8400008',NULL),('APT-9-40',_binary '','2021-08-05 12:00:00','8a85dfa084cd5b200184cd5be1b4000a',NULL,'8a85dfa084cd5b200184cd5bb8400008',NULL),('APT-9-41',_binary '','2021-04-02 12:00:00','8a85dfa084cd5b200184cd5be1b4000d',NULL,'8a85dfa084cd5b200184cd5bb8400008',NULL),('APT-9-42',_binary '','2021-06-04 12:00:00','8a85dfa084cd5b200184cd5be1b4000d',NULL,'8a85dfa084cd5b200184cd5bb8400008',NULL),('APT-9-43',_binary '','2021-11-07 12:00:00','8a85dfa084cd5b200184cd5be1b4000e',NULL,'8a85dfa084cd5b200184cd5bb8400008',NULL),('APT-9-44',_binary '','2021-09-08 12:00:00','8a85dfa084cd5b200184cd5be1b4000b',NULL,'8a85dfa084cd5b200184cd5bb8400008',NULL),('APT-9-45',_binary '','2021-01-10 12:00:00','8a85dfa084cd5b200184cd5be1b4000d',NULL,'8a85dfa084cd5b200184cd5bb8400008',NULL),('APT-9-46',_binary '','2021-10-07 12:00:00','8a85dfa084cd5b200184cd5be1b4000b',NULL,'8a85dfa084cd5b200184cd5bb8400008',NULL),('APT-9-47',_binary '','2021-06-09 12:00:00','8a85dfa084cd5b200184cd5be1b4000b',NULL,'8a85dfa084cd5b200184cd5bb8400008',NULL),('APT-9-48',_binary '','2021-09-04 12:00:00','8a85dfa084cd5b200184cd5be1b4000b',NULL,'8a85dfa084cd5b200184cd5bb8400008',NULL),('APT-9-49',_binary '','2022-03-10 12:00:00','8a85dfa084cd5b200184cd5be1b4000a',NULL,'8a85dfa084cd5b200184cd5bb8400008',NULL),('APT-9-50',_binary '','2022-01-10 12:00:00','8a85dfa084cd5b200184cd5be1b4000d',NULL,'8a85dfa084cd5b200184cd5bb8400008',NULL),('APT-9-51',_binary '','2022-01-09 12:00:00','8a85dfa084cd5b200184cd5be1b4000a',NULL,'8a85dfa084cd5b200184cd5bb8400008',NULL),('APT-9-52',_binary '','2022-09-11 12:00:00','8a85dfa084cd5b200184cd5be1b4000c',NULL,'8a85dfa084cd5b200184cd5bb8400008',NULL),('APT-9-53',_binary '','2022-01-07 12:00:00','8a85dfa084cd5b200184cd5be1b4000b',NULL,'8a85dfa084cd5b200184cd5bb8400008',NULL),('APT-9-54',_binary '','2022-11-02 12:00:00','8a85dfa084cd5b200184cd5be1b4000d',NULL,'8a85dfa084cd5b200184cd5bb8400008',NULL),('APT-9-55',_binary '','2022-02-06 12:00:00','8a85dfa084cd5b200184cd5be1b4000e',NULL,'8a85dfa084cd5b200184cd5bb8400008',NULL),('APT-9-56',_binary '','2022-09-04 12:00:00','8a85dfa084cd5b200184cd5be1b4000a',NULL,'8a85dfa084cd5b200184cd5bb8400008',NULL),('APT-9-57',_binary '','2022-07-02 12:00:00','8a85dfa084cd5b200184cd5be1b4000e',NULL,'8a85dfa084cd5b200184cd5bb8400008',NULL),('APT-9-58',_binary '','2022-03-10 12:00:00','8a85dfa084cd5b200184cd5be1b4000b',NULL,'8a85dfa084cd5b200184cd5bb8400008',NULL),('APT-9-59',_binary '','2022-01-05 12:00:00','8a85dfa084cd5b200184cd5be1b4000c',NULL,'8a85dfa084cd5b200184cd5bb8400008',NULL),('APT-9-60',_binary '','2022-05-05 12:00:00','8a85dfa084cd5b200184cd5be1b4000a',NULL,'8a85dfa084cd5b200184cd5bb8400008',NULL),('APT-9-61',_binary '','2022-10-03 12:00:00','8a85dfa084cd5b200184cd5be1b4000d',NULL,'8a85dfa084cd5b200184cd5bb8400008',NULL),('APT-9-62',_binary '','2022-04-07 12:00:00','8a85dfa084cd5b200184cd5be1b4000c',NULL,'8a85dfa084cd5b200184cd5bb8400008',NULL),('APT-9-63',_binary '','2022-08-08 12:00:00','8a85dfa084cd5b200184cd5be1b4000a',NULL,'8a85dfa084cd5b200184cd5bb8400008',NULL),('APT-9-64',_binary '','2022-04-10 12:00:00','8a85dfa084cd5b200184cd5be1b4000c',NULL,'8a85dfa084cd5b200184cd5bb8400008',NULL),('APT-9-65',_binary '','2022-11-06 12:00:00','8a85dfa084cd5b200184cd5be1b4000b',NULL,'8a85dfa084cd5b200184cd5bb8400008',NULL),('APT-9-66',_binary '','2022-10-02 12:00:00','8a85dfa084cd5b200184cd5be1b4000d',NULL,'8a85dfa084cd5b200184cd5bb8400008',NULL),('APT-9-67',_binary '','2022-12-03 12:00:00','8a85dfa084cd5b200184cd5be1b4000e',NULL,'8a85dfa084cd5b200184cd5bb8400008',NULL),('APT-9-68',_binary '','2022-11-03 12:00:00','8a85dfa084cd5b200184cd5be1b4000b',NULL,'8a85dfa084cd5b200184cd5bb8400008',NULL),('APT-9-69',_binary '','2022-10-05 12:00:00','8a85dfa084cd5b200184cd5be1b4000c',NULL,'8a85dfa084cd5b200184cd5bb8400008',NULL),('APT-9-70',_binary '','2022-04-05 12:00:00','8a85dfa084cd5b200184cd5be1b4000e',NULL,'8a85dfa084cd5b200184cd5bb8400008',NULL),('APT-9-71',_binary '','2022-04-01 12:00:00','8a85dfa084cd5b200184cd5be1b4000d',NULL,'8a85dfa084cd5b200184cd5bb8400008',NULL),('APT-9-72',_binary '','2022-09-09 12:00:00','8a85dfa084cd5b200184cd5be1b4000e',NULL,'8a85dfa084cd5b200184cd5bb8400008',NULL);